time,callsign,x,vx,y,vy,z,vz
0.0,TARGET_001,0.0,220.0,0.0,80.0,8000.0,2.0
1.0,TARGET_001,219.96730760817638,219.94299839448902,80.11419605829883,80.07852335438731,8002.100862815463,2.1637493680746975
2.0,TARGET_001,439.89616717242734,219.8483919916149,160.19484446186576,80.06633952165282,8004.251997241146,2.2117683730175757
3.0,TARGET_001,659.8186013276852,220.14686692716074,240.1963773037708,80.08496392474025,8006.379212128193,2.105482881610658
4.0,TARGET_001,880.0140744899282,220.2985401429313,320.6113108158863,80.4352978555017,8008.601050165471,2.2264100186233975
5.0,TARGET_001,1100.158940088033,220.19987226654553,401.26075265601617,80.80133349391869,8010.861891992626,2.2125869299475345
6.0,TARGET_001,1320.4150622890822,220.23215259775122,482.05571706293927,80.61623142720782,8013.103577662144,2.367110315398537
7.0,TARGET_001,1540.7992679091271,220.38296867996075,562.8026326281932,80.96189482610485,8015.403187758477,2.3607609270289456
8.0,TARGET_001,1760.9903595465555,220.03286983441276,643.5983753062777,80.69686659791846,8017.787905115155,2.322242204006589
9.0,TARGET_001,1981.0520663553111,220.02716198801602,724.1231614290383,80.38681102617994,8020.183139943187,2.371398345708565
10.0,TARGET_001,2200.8752265198696,219.89808198023738,804.5314052379989,80.43969745822827,8022.442575608075,2.1679416219002623
11.0,TARGET_001,2420.6216326782783,219.7916267661359,884.8808884254026,80.44202009309173,8024.635304919131,2.2254195019095975
12.0,TARGET_001,2640.5477521107077,220.1401725257825,965.195510338126,80.10893833078646,8026.916910453284,2.331936232816477
13.0,TARGET_001,2860.709271564224,220.26680085472591,1045.3495014326634,80.29926918157054,8029.294601492633,2.431596412776275
14.0,TARGET_001,3080.8674825230073,219.9713881682796,1125.6426640219108,80.32249223458757,8031.710016954855,2.4876758716417644
15.0,TARGET_001,3300.8115813302597,219.85448877300107,1205.9847993166363,80.32676925708282,8034.2093460691385,2.5305205088850835
16.0,TARGET_001,3520.5075451027856,219.62699159495295,1286.3367887303332,80.38781766181079,8036.717713179293,2.5320393426627907
17.0,TARGET_001,3739.866405857745,219.36546203686984,1366.9087833276312,80.70849705272565,8039.295586108712,2.6301567926603218
18.0,TARGET_001,3959.255266059059,219.62637238572222,1447.6165061544978,80.68367493800595,8041.924535295756,2.7130791799018246
19.0,TARGET_001,4178.97421498639,219.96956197846905,1528.1876022875188,80.52895792514055,8044.777145614995,2.967977347878291
20.0,TARGET_001,4398.9070062013625,219.87982924244142,1608.777704426898,80.55550822753783,8047.753065270729,2.9846201532058565
21.0,TARGET_001,4618.750214977147,219.64959010338356,1689.3725535550916,80.64879847748159,8050.7237186201055,2.978903018920176
22.0,TARGET_001,4838.439055198597,219.74592114938525,1770.206664688951,80.93557948515472,8053.755506173216,2.9954142041690517
23.0,TARGET_001,5058.141735867957,219.7833974903227,1851.2594807831583,81.01743929730516,8056.6464602222895,2.85165513902879
24.0,TARGET_001,5277.9424061548925,219.86865828364745,1932.2233664152059,81.0057978897224,8059.601590060957,3.0870337313141474
25.0,TARGET_001,5497.97311276136,220.18232287565374,2013.2379080542303,80.97484580595321,8062.725902123086,3.0233233014507435
26.0,TARGET_001,5718.192411266947,220.46075017397638,2094.031235611047,80.75101109512221,8065.83623662809,3.190209317278034
27.0,TARGET_001,5938.619437565519,220.25681860387812,2174.9293766047545,81.1228459066958,8068.980608224801,3.1708519602899576
28.0,TARGET_001,6159.0670894476125,220.74340173957455,2255.9196399956327,80.88733634381678,8072.029475809279,3.0361387949134815
29.0,TARGET_001,6379.814891913193,220.7870159574879,2336.595331233327,80.50241982601193,8075.202547868042,3.2712941904821102
30.0,TARGET_001,6600.528694536153,220.63233704131565,2417.2473423087704,80.80073765616778,8078.569947187352,3.383613889782033
31.0,TARGET_001,6821.104193906594,220.63058605757897,2498.089639619732,80.89718128013199,8081.956502098346,3.2758115598470465
32.0,TARGET_001,7041.789499133839,220.74327958211282,2579.002373896203,80.80794266232043,8085.211318209853,3.2253297536935
33.0,TARGET_001,7262.713433780066,220.87894871048536,2659.7419932654548,80.75343985612857,8088.445344760537,3.1782804331685215
34.0,TARGET_001,7483.592537842831,220.742818065007,2740.297868911888,80.2960939571814,8091.556683743513,3.0956244405320277
35.0,TARGET_001,7704.672839735787,221.31595661508885,2820.4280456852366,80.04448113791315,8094.725354360318,3.230316462327111
36.0,TARGET_001,7926.134490853319,221.39270962941936,2900.5228640658884,79.95409945391968,8097.94403024375,3.1487860308131412
37.0,TARGET_001,8147.704860356891,221.71271026260527,2980.5965921632087,80.13122257505772,8101.129045359562,3.107295506150226
38.0,TARGET_001,8369.412536026082,221.73961651447607,3060.670074048966,79.92881923909447,8104.120436741118,2.923915999509193
39.0,TARGET_001,8591.15791626794,221.8415785792789,3140.5211797443617,79.89420282687742,8107.032532932183,2.979075951451743
40.0,TARGET_001,8812.844584102237,221.62397141925612,3220.3624292216136,79.67678704297607,8109.9640380765995,2.914126616100253
41.0,TARGET_001,9034.586753971986,221.87243381086705,3300.1008671292534,79.89263420341544,8112.975764414599,2.9661840373429773
42.0,TARGET_001,9256.268718500289,221.66979466937283,3379.868495332686,79.70385377787518,8115.878141373909,2.780303823408354
43.0,TARGET_001,9477.81211358519,221.63870931713484,3459.560135698996,79.47552028218567,8118.542374572481,2.693813540807538
44.0,TARGET_001,9699.468197205853,221.72496533525276,3539.099586181075,79.62989927229764,8121.18106663378,2.680022566507788
45.0,TARGET_001,9921.263457964504,221.8211461729028,3618.706634377966,79.57537244929522,8123.687926758416,2.393117947673957
46.0,TARGET_001,10143.062427006878,221.86063666518484,3698.28543439702,79.6089233766582,8126.015651103478,2.32310658783473
47.0,TARGET_001,10364.885796421293,221.79503546677867,3777.768198860745,79.45299393098134,8128.260632490002,2.0363844542465577
48.0,TARGET_001,10586.511782595273,221.3583482441996,3857.0423066765566,79.24364515325745,8130.424010377406,2.1652179336467774
49.0,TARGET_001,10807.86697454405,221.21597232066358,3936.253881295188,79.08789931987798,8132.55249279996,2.161721229773626
50.0,TARGET_001,11029.05919497886,221.1606290427455,4015.446123005187,79.15725090590668,8134.7447692377245,2.1275877008323905
51.0,TARGET_001,11250.346214542516,221.378922968703,4094.448527075654,78.99312236925944,8136.854757980184,2.1636018388507634
52.0,TARGET_001,11471.695744330242,221.3186772609636,4173.287077678947,78.81597895702912,8139.0673912060265,2.0498105008227414
53.0,TARGET_001,11693.019359353568,221.41742231274924,4252.014015543342,78.62602183992111,8141.077357999878,2.090556889528665
54.0,TARGET_001,11914.532439148983,221.42002641048433,4330.678034447954,78.76630423765874,8143.265107648706,2.2803740602837568
55.0,TARGET_001,12135.8057237145,221.24256882039583,4409.488580366945,78.82180310891391,8145.536909483198,2.1894750341490155
56.0,TARGET_001,12356.970969437827,221.2393465554226,4488.35155253236,78.97056083798537,8147.755500564205,2.2586285804444657
57.0,TARGET_001,12578.00380785152,220.74952085238604,4567.259467330535,78.99965703693083,8150.062450197848,2.272686896293474
58.0,TARGET_001,12798.509551518664,220.24038004713628,4646.34263245614,79.1224320957764,8152.422957488858,2.4263582625739897
59.0,TARGET_001,13018.737746642104,220.26384964408652,4725.536748155985,79.36036323325894,8154.9559277568105,2.6294466331812094
60.0,TARGET_001,13238.822836314504,219.80970560844432,4804.693665587441,79.05758191490392,8157.574637866823,2.697931996401727
61.0,TARGET_001,13458.725638844358,219.78119896507604,4883.862318068636,79.17587334095685,8160.46112083735,2.870350032593131
62.0,TARGET_001,13678.473365317564,219.70004385777656,4962.828275152489,78.83446389020045,8163.223407362069,2.7868305631863155
63.0,TARGET_001,13898.22135169339,219.59319587171058,5041.685670253447,78.88663445957401,8165.989812053326,2.755454132190151
64.0,TARGET_001,14117.629260496895,219.3361388231374,5120.388864680716,78.7628234497478,8168.836835415967,2.8396689137424223
65.0,TARGET_001,14337.004563083496,219.3616963946394,5199.158135808977,78.86623137827107,8171.5849347990315,2.7039719235878787
66.0,TARGET_001,14556.523277558472,219.5582683936987,5277.93671305772,78.74204890247198,8174.276893139218,2.62366621776003
67.0,TARGET_001,14776.02927322461,219.59907208295573,5356.500947060641,78.59586738964532,8176.872423850542,2.4318694758101396
68.0,TARGET_001,14995.538714421256,219.4544370704271,5435.110983561834,78.59429672674754,8179.417871038391,2.5542404716042824
69.0,TARGET_001,15214.969096311745,219.35510806847586,5513.799853256309,78.97558300657624,8181.871702245151,2.4455984259433614
70.0,TARGET_001,15434.345590500447,219.50426864247027,5593.042276581625,79.20403911639592,8184.489873606303,2.726957929376863
71.0,TARGET_001,15653.889379987766,219.44152693030088,5672.434903066133,79.39893521525829,8187.191672494786,2.8219487573909365
72.0,TARGET_001,15873.357151668422,219.382736781987,5751.860135133578,79.48930735718905,8190.018953662481,2.9221398232397235
73.0,TARGET_001,16092.645731874001,219.2462256789152,5831.297393815421,79.44681334668483,8192.951400099299,2.9385641302402603
74.0,TARGET_001,16311.798781445332,218.99731223035445,5910.602194606566,79.27490041673592,8195.868168761748,2.859428576600665
75.0,TARGET_001,16530.805767734182,218.925000071395,5989.6851406726355,79.00323437960806,8198.758250040666,2.8237314914472664
76.0,TARGET_001,16749.727352226524,219.0168414558369,6068.646311297635,78.8920567239547,8201.575812177582,2.860872529642907
77.0,TARGET_001,16968.751778972684,219.0294094119279,6147.589350747224,79.00397124745734,8204.52898148372,3.0300269418367805
78.0,TARGET_001,17187.847761274144,219.16329155493105,6226.707914841966,78.99012616093502,8207.5034977649,2.925486444527887
79.0,TARGET_001,17407.004077698195,219.05685699331033,6305.776361224833,79.09204053097235,8210.488639598681,3.1109378587828735
80.0,TARGET_001,17626.258020004705,219.22527829313992,6384.9695574104935,79.24773188650846,8213.615159267194,3.153401450326467
81.0,TARGET_001,17845.62033943192,219.56803273692472,6464.101052352838,79.11544699179423,8216.856319153294,3.360758804070821
82.0,TARGET_001,18065.240984616423,219.84534700302925,6543.284617833661,79.23836124415844,8220.253743302112,3.318226016654155
83.0,TARGET_001,18284.931514813856,219.86555245766593,6622.462402252383,79.3130905581915,8223.594063278126,3.349653313584035
84.0,TARGET_001,18504.856078343855,219.8458402953621,6701.835229632116,79.45403225798366,8226.814202121901,3.1172877399576064
85.0,TARGET_001,18724.790574034654,219.8405483029376,6781.168859904579,79.18568583944761,8229.949425856852,3.029988436745177
86.0,TARGET_001,18944.462142024142,219.6231881503184,6860.322071434512,79.24994712883978,8232.82953352742,2.8358619190642944
87.0,TARGET_001,19164.23991424899,219.90216655185966,6939.448419637049,79.00165244579621,8235.618672971059,2.7134781705300863
88.0,TARGET_001,19384.194711199354,219.92929966534535,7018.208938360331,78.6361442130385,8238.290503863522,2.665259964091768
89.0,TARGET_001,19604.058310979017,219.8863291614437,7097.1972841370425,79.32662610552148,8240.985218014208,2.748583426028473
90.0,TARGET_001,19823.975635027313,219.71153864388188,7176.582680302262,79.19841368893476,8243.767353202165,2.778635410966963
91.0,TARGET_001,20043.558783686232,219.42768874290076,7255.58043668511,78.87440529761516,8246.435673438822,2.6127360834896463
92.0,TARGET_001,20262.992442942097,219.3238881900457,7334.201159634279,78.64662089417389,8249.164798904783,2.863960684411237
93.0,TARGET_001,20482.181466186645,219.05298094873035,7412.799982819706,78.48921183661402,8252.080671553209,2.9546817519349666
94.0,TARGET_001,20701.063931926255,218.83610509768394,7491.190957021904,78.45083128828686,8255.10566250725,3.02019714337497
95.0,TARGET_001,20919.73498846269,218.69687365360934,7569.622367310034,78.44881485312517,8258.056819718404,2.9425497308351924
96.0,TARGET_001,21138.481529595658,218.63557360050442,7647.884885555142,78.25683278160781,8260.963193387814,2.859360878731842
97.0,TARGET_001,21356.951230276103,218.5382419323699,7726.312827466729,78.54642989588905,8263.835557811164,2.8901734159269217
98.0,TARGET_001,21575.556690966427,218.59921674752633,7804.866869325739,78.47865243277838,8266.784687337458,3.0361549777520977
99.0,TARGET_001,21794.20411048647,218.5909703583464,7883.366574522793,78.53870387039548,8269.770254557496,3.0327005594149976
100.0,TARGET_001,22012.670226876493,218.36731997570516,7962.017978809892,78.80949453167972,8272.79999575409,3.0356961422138635
101.0,TARGET_001,22231.07225709695,218.44542078272633,8041.007502061926,79.00211329895284,8275.856630326585,3.0765492200837743
102.0,TARGET_001,22449.617344717797,218.504056645487,8120.0082447542545,78.8936435605929,8278.915575520952,3.159090602648235
103.0,TARGET_001,22668.08915094883,218.2675864852716,8198.814386120626,78.69309380467419,8282.140889072085,3.3234425019729086
104.0,TARGET_001,22886.3831579269,218.31272277517962,8277.546333894696,78.73476820801078,8285.43085159451,3.3383581171482946
105.0,TARGET_001,23104.969544381787,218.5921063734094,8356.270835109355,78.67720782783584,8288.669970670158,3.159195274634737
106.0,TARGET_001,23323.700074274228,218.69323888796256,8434.914603007503,78.68181099352299,8291.806766844054,3.0063529759608842
107.0,TARGET_001,23542.417665672794,218.6917214155924,8513.66906577612,78.75961168537494,8294.635163062134,2.7136974608334077
108.0,TARGET_001,23761.11498901005,218.7618071481554,8592.481739293558,78.90292865010736,8297.350009783488,2.674549793488113
109.0,TARGET_001,23979.869898911704,218.7840474676656,8671.608743066874,79.3071119088052,8299.988659441737,2.5757164008077384
110.0,TARGET_001,24198.686389956383,218.6797478769258,8751.065852359705,79.4840974604155,8302.494690287542,2.5403626814586513
111.0,TARGET_001,24417.539330961896,218.6942644449102,8830.567330721704,79.51957404233957,8305.106376901715,2.6096554968033283
112.0,TARGET_001,24636.19020768007,218.7906992054765,8910.289550569703,79.80708860077317,8307.7566143896,2.590333090738706
113.0,TARGET_001,24855.101819752857,218.91305913268408,8990.080707148269,79.80217472288295,8310.330025279489,2.5611379895265567
114.0,TARGET_001,25073.997487336033,218.83581033037828,9069.909567829916,79.71430938569524,8312.85331275468,2.558346846595089
115.0,TARGET_001,25292.82452298316,218.85713294620868,9149.464823979823,79.58620178080118,8315.379558170886,2.386591303580733
116.0,TARGET_001,25511.680723327107,218.81324561208882,9228.871774408672,79.43451075865646,8317.710916087337,2.1306822335644338
117.0,TARGET_001,25730.42002510148,218.68917706865543,9308.361602216579,79.31950436744197,8319.861969976102,2.1455202721829814
118.0,TARGET_001,25949.10165677518,218.59169723690556,9387.516187418687,79.22121479929403,8321.946497000967,1.955806337712892
119.0,TARGET_001,26167.670812079567,218.67080855352597,9466.55856127665,78.86302341871485,8323.816164155496,1.7745350727895148
120.0,TARGET_001,26386.300595685658,218.56806505513717,9545.407009171307,78.78102138045084,8325.586167316364,1.777421019849238
121.0,TARGET_001,26604.761750928734,218.48863633808932,9624.269227610213,78.90156839424574,8327.37094225683,1.7135604392149784
122.0,TARGET_001,26823.116344320642,218.31100451583745,9703.303872125924,79.01756145507784,8328.954689666478,1.50794153132678
123.0,TARGET_001,27041.464420029064,218.46773739381928,9782.414328272314,79.12273233281817,8330.42976985711,1.4265266360278608
124.0,TARGET_001,27260.014117320556,218.39252796573197,9861.606473158641,79.29077998559951,8331.817492968838,1.4068392910825473
125.0,TARGET_001,27478.35189364823,218.14044925783188,9941.272218468259,80.00525521853837,8333.244778353142,1.3768341714128023
126.0,TARGET_001,27696.491215125832,218.40140630105176,10021.355435436335,79.92843005700037,8334.54766787104,1.1458063556272202
127.0,TARGET_001,27914.79953982552,218.35285798253722,10101.318821369303,79.92886863657297,8335.738324932887,1.3869711604293706
128.0,TARGET_001,28133.05017247346,218.08122410243809,10181.238398804664,79.80277930731744,8337.240776667233,1.6641695619671903
129.0,TARGET_001,28351.049910460933,217.965976129206,10260.88897397578,79.61421037021404,8338.865994438254,1.578470070383669
130.0,TARGET_001,28568.893260499917,217.7512355190443,10340.404976347825,79.45940235186251,8340.44649166724,1.4796882912582459
131.0,TARGET_001,28786.741847679023,217.75907746382853,10419.89089698555,79.69772749002715,8341.76681375082,1.2065840740500702
132.0,TARGET_001,29004.366895179537,217.61924508274316,10499.57409099892,79.5404111566104,8343.02090584358,1.2716221856109522
133.0,TARGET_001,29221.97952072485,217.4246933737737,10578.874927384786,78.94883670400664,8344.455627428952,1.5030697198564669
134.0,TARGET_001,29439.05397698025,216.79079521686106,10658.065161587943,79.26367380219922,8345.830612440877,1.290507992298787
135.0,TARGET_001,29656.083339600365,217.11222074341606,10737.363563120705,79.08129922993348,8347.141840321568,1.2951225013557957
136.0,TARGET_001,29873.182515983463,216.9067622676314,10816.262508607408,78.93025227742808,8348.421744318577,1.252468267390236
137.0,TARGET_001,30090.163559331017,216.89499472496092,10895.327859752777,79.08597302960536,8349.500139162374,1.0616894365247729
138.0,TARGET_001,30306.97416275579,217.03673383554622,10974.437094949142,79.21552018702292,8350.522323261954,0.9605579207311863
139.0,TARGET_001,30524.053209491434,216.9009039038369,11053.731793632156,79.53975690424616,8351.589010916652,1.1256985004347164
140.0,TARGET_001,30740.911142850233,216.89844851210174,11133.193385195798,79.40835998768777,8352.712883235572,1.1355946151501441
141.0,TARGET_001,30957.619867765483,216.66880355778576,11212.394341210678,79.20317437908173,8353.87127728056,1.1072661654662443
142.0,TARGET_001,31174.02385889658,216.21353979708002,11291.798042408698,79.31870645449997,8355.03995683184,1.1253986681160457
143.0,TARGET_001,31390.449392053975,216.5534366202604,11371.093369230239,79.10053547352244,8356.258592180828,1.206647391806099
144.0,TARGET_001,31607.049486262724,217.0006791476394,11450.312908628239,79.38983043243404,8357.34688189042,1.0408637669220282
145.0,TARGET_001,31824.160972076003,217.27718355897565,11529.615758155212,79.31841329616611,8358.48428531194,1.1472563796657562
146.0,TARGET_001,32041.517163349672,217.46634583657809,11609.183458363894,79.79734590428983,8359.826486916289,1.467863631138905
147.0,TARGET_001,32259.18242150082,217.75391440383586,11688.959040234824,79.78403453490384,8361.362958983918,1.5631616790113074
148.0,TARGET_001,32476.907635122032,217.88776087734394,11768.718534920921,79.79073716845058,8362.862113293324,1.4576035132984906
149.0,TARGET_001,32694.798887938676,217.78669911239524,11848.384396119776,79.4891263288416,8364.272363436237,1.2984434626199324
150.0,TARGET_001,32912.69038259086,218.11141002246256,11927.918535639645,79.58421222245356,8365.573083493387,1.3752126447753126
151.0,TARGET_001,33130.8381328097,217.96933641404567,12007.6213804657,79.80839034871596,8366.897518234666,1.2703662228362136
152.0,TARGET_001,33348.717052008455,217.72228815095653,12087.335306661704,79.69531126293994,8368.135540863188,1.1714266093978984
153.0,TARGET_001,33566.52210483807,217.79401209787264,12166.966299910611,79.6867614920891,8369.32183939983,1.1871981180754025
154.0,TARGET_001,33784.21864097423,217.53268673019656,12246.4552806281,79.11238700833972,8370.482542481099,1.0971019398109134
155.0,TARGET_001,34001.97965277573,217.99486632683713,12325.436501622573,79.02409287244883,8371.570402542966,0.8495817034198558
156.0,TARGET_001,34219.788661579834,217.76806091099144,12404.45566875367,78.92139853098864,8372.382839476342,0.7989091713719547
157.0,TARGET_001,34437.28941711043,217.54917847021184,12483.197485067065,78.42301147694748,8373.249222667515,0.7481136041870845
158.0,TARGET_001,34654.883025730465,217.63871555904925,12561.716331265336,78.71578720827983,8374.077073742714,0.8606227139404121
159.0,TARGET_001,34872.65887904522,217.93682687201053,12640.102986076932,78.38770726740465,8374.968732654715,1.0066480833611249
160.0,TARGET_001,35090.6546126035,217.96725197896995,12718.49838228613,78.42455645425242,8375.826600373453,0.6449554713399577
161.0,TARGET_001,35308.63613997295,218.12939642081133,12796.884290650398,78.36246542558985,8376.330580728216,0.4586125190417907
162.0,TARGET_001,35526.764751700226,218.15717843068654,12875.379629852016,78.62775752540861,8376.709601078968,0.32707674245442564
163.0,TARGET_001,35744.8779886735,218.08463677581554,12954.0541125505,78.49221864536435,8376.883879467503,0.08002119045468573
164.0,TARGET_001,35963.126295508904,218.21740413160043,13032.456018682893,78.60534815628858,8377.00554489734,0.18689713542065758
165.0,TARGET_001,36181.24103580598,218.13208612069417,13110.894737861385,78.56630158446333,8377.122080076371,0.16392596632656772
166.0,TARGET_001,36399.2883779932,217.93852901174176,13189.59525817133,78.82519795280909,8377.256439646322,0.06008609360308394
167.0,TARGET_001,36617.35179742576,218.266580284593,13268.481866226386,78.92457717571938,8377.414114700608,0.14325816576068062
168.0,TARGET_001,36835.57555350442,217.98365710028045,13347.23197480652,78.52660214603007,8377.599270240367,0.15931323194701905
169.0,TARGET_001,37053.32352182565,217.58024312671967,13425.634752551332,78.37636004938595,8377.739907435021,0.07655539374427074
170.0,TARGET_001,37270.829975741835,217.4773827209453,13504.188651213091,78.83811748013186,8377.842676020904,0.16439732975035287
171.0,TARGET_001,37488.14999677687,217.11202782314953,13582.92321127467,78.6306097710311,8377.997373119604,0.16730048867540398
172.0,TARGET_001,37705.2164941555,216.86884905442886,13661.553624778197,78.70155037776007,8378.139679273057,0.04858783232502886
173.0,TARGET_001,37922.010238253395,216.6843264009959,13740.515553767265,78.92055807242122,8378.101518051782,-0.16315486231161447
174.0,TARGET_001,38138.6990249062,216.6889910941461,13819.332363668822,78.67992037086265,8377.957068216323,-0.10309268426264943
175.0,TARGET_001,38355.45114131096,216.90261145902096,13898.022179960393,78.48075055735943,8377.855686264807,-0.0613591454696902
176.0,TARGET_001,38572.272601875244,216.88446932050263,13976.603100620712,78.5469253459573,8377.81626809758,0.13345337630447077
177.0,TARGET_001,38788.94148590898,216.48647935434406,14055.099882820447,78.29698908048074,8378.009317255919,0.17872357198721517
178.0,TARGET_001,39005.23197939432,216.3747540298691,14133.400547069512,78.36007167400922,8378.21240986791,0.23364532630864554
179.0,TARGET_001,39221.443990908476,216.2164880983446,14211.580203221072,78.1488176304703,8378.362567571172,-0.0018838823377100578
180.0,TARGET_001,39437.63857700434,216.04475060112955,14289.649933933842,78.18550439599451,8378.248103596416,-0.19404327005135533
181.0,TARGET_001,39653.45146773542,215.71727472764536,14367.762287104428,78.11486719799927,8378.151556178218,-0.040886396429108546
182.0,TARGET_001,39869.21952262982,215.8226486654194,14445.824306443652,77.98210867242557,8378.097541739802,-0.08322006032238108
183.0,TARGET_001,40084.96375208415,215.5699923969168,14523.821524989846,78.12916180911425,8377.959700675847,-0.21483629401563142
184.0,TARGET_001,40300.55922478042,215.36602938091553,14601.843302070452,78.28479691518123,8377.685247935651,-0.31039781351796136
185.0,TARGET_001,40515.95857072749,215.52177132991565,14680.15498473035,78.2460820065778,8377.348948222143,-0.327593402732864
186.0,TARGET_001,40731.323006606486,215.24926740428793,14758.512520112125,78.2774935154898,8377.070236131975,-0.22204244066283782
187.0,TARGET_001,40946.64865314877,215.41271618867833,14836.921103115586,78.52301315899184,8376.919644381673,-0.14004060048982891
188.0,TARGET_001,41161.98351535534,215.28884351783503,14915.250696961968,78.13991517494694,8376.833422321813,0.0018366229596122885
189.0,TARGET_001,41377.18545050888,215.14204396806795,14993.443594426146,78.0956457255204,8376.797007714873,0.07064677638811812
190.0,TARGET_001,41592.41596764484,215.24861540380311,15071.635402049313,78.18753964523236,8376.824988941326,-0.005360362770715332
191.0,TARGET_001,41807.604922259394,215.06664649030753,15149.659776016579,78.06622944647675,8376.859856238654,0.07878980265191408
192.0,TARGET_001,42022.52558246784,214.83678192490132,15227.868005190105,78.0264046244826,8376.886435741506,-0.071144539699608
193.0,TARGET_001,42237.18371636649,214.609670736334,15306.190934719682,78.52271275950417,8376.886716134693,0.10876799710860162
194.0,TARGET_001,42451.80080612466,214.7325717536986,15384.775245016312,78.58662452754409,8377.07031392735,0.2409309087352275
195.0,TARGET_001,42666.60247304857,214.92615031353466,15463.252642309846,78.45808362578931,8377.199461428136,0.06598622146054181
196.0,TARGET_001,42881.579362360644,215.1035434857645,15541.718030685093,78.38072922171436,8377.26147413637,0.04721203170685029
197.0,TARGET_001,43096.650147039385,215.02039404067605,15620.085147520056,78.47388918948799,8377.31729210338,0.08842166940347203
198.0,TARGET_001,43311.8807745156,215.35425463575854,15698.807008351674,78.96819363195678,8377.55916354015,0.3722371123696491
199.0,TARGET_001,43527.175609460704,215.23446422978185,15777.885553899521,79.09233044795685,8377.873230276206,0.27088827863798887
200.0,TARGET_001,43742.560786334274,215.4813078891986,15856.872394071434,78.95663973801528,8378.109318266124,0.14778311858624155
201.0,TARGET_001,43957.97209823598,215.3337343054347,15935.869307936526,78.7989657408649,8378.235901755874,0.11466884195481274
202.0,TARGET_001,44173.32659433473,215.27591076320837,16014.505868931628,78.59833327464763,8378.354569141498,0.12484220930363084
203.0,TARGET_001,44388.47474704877,215.01081104581434,16093.339768088195,78.92221631328214,8378.435352275952,0.1776092715143314
204.0,TARGET_001,44603.8887236859,215.43321389681702,16172.280165709672,79.0812357017014,8378.617979479664,0.11225708882582855
205.0,TARGET_001,44819.310926869766,215.48770392512967,16251.348716388438,78.9571519468388,8378.732621728814,0.085776072827088
206.0,TARGET_001,45034.88904774517,215.71598584866948,16330.23222131554,78.88236751757438,8378.792461626783,-0.04217577853153638
207.0,TARGET_001,45250.9623250045,216.2360084944792,16409.11345360555,78.69929978557687,8378.80685564463,-0.07463166118835736
208.0,TARGET_001,45467.2998034505,216.34230462135247,16487.62441617658,78.30998588485713,8378.66010209363,-0.12374177731428466
209.0,TARGET_001,45683.7642731565,216.59360923600124,16565.9404659854,78.31254288725805,8378.68604109576,0.0994016448144467
210.0,TARGET_001,45900.357255266004,216.49394258679214,16644.1064846137,77.84419811286169,8378.905143377346,0.20553649019745415
211.0,TARGET_001,46116.93420264861,216.55625063442127,16722.021900992335,77.9396167606688,8379.127923151316,0.25526627074202324
212.0,TARGET_001,46333.44098423245,216.29103776180096,16799.892001016276,77.94802801327859,8379.522775197132,0.3842312885611561
213.0,TARGET_001,46549.93386071742,216.64731740553296,16877.906496177817,78.17432057677944,8379.919244255907,0.35043129885078955
214.0,TARGET_001,46766.4148380752,216.33389629305583,16956.260755203275,78.6342114519953,8380.322748457489,0.4243556350609434
215.0,TARGET_001,46982.917963304266,216.45017636816803,17034.71879588643,78.2181942749044,8380.862418194927,0.6020367834329725
216.0,TARGET_001,47199.487419854195,216.73128820879884,17113.011497258925,78.36062487101599,8381.52979958857,0.6249424152063551
217.0,TARGET_001,47416.06916778561,216.5191559521468,17191.434157014348,78.37353323432009,8382.209105965787,0.7829128439886438
218.0,TARGET_001,47632.73461820861,216.6714755591921,17269.87739717949,78.61334064401296,8382.803488126012,0.5096819729816049
219.0,TARGET_001,47849.44392398096,216.84893065571111,17348.359107803877,78.53756734349116,8383.32763974697,0.5686958577855423
220.0,TARGET_001,48066.336991950026,216.8160123648974,17426.871683430923,78.52442312054583,8383.93261055378,0.6620857638992467
221.0,TARGET_001,48282.92863624173,216.4379861508836,17505.4723393498,78.59400965788703,8384.499142875762,0.5634520095413471
222.0,TARGET_001,48499.348652685505,216.42951889971405,17584.243579732254,78.83541892881648,8385.078137907987,0.566698733433929
223.0,TARGET_001,48715.60507162932,215.97562601732736,17663.300818205218,79.02586497921743,8385.643605155692,0.4857719534944314
224.0,TARGET_001,48931.70061840202,216.2811473227097,17742.263829528492,79.08206809725003,8386.131459003784,0.5427528673183661
225.0,TARGET_001,49147.96405763339,216.18015745843982,17821.25964103922,78.97978315314643,8386.63412210179,0.4518174393509077
226.0,TARGET_001,49364.06324132104,216.24201954626548,17900.177255596278,78.80025131105947,8387.042039296084,0.3992565437132351
227.0,TARGET_001,49580.351827702376,216.12161162492987,17978.976823150235,78.69497759311777,8387.489299064291,0.5312027135222306
228.0,TARGET_001,49796.692843863064,216.3657415950554,18057.65630739317,78.77548080245953,8388.017219310752,0.5407587572999051
229.0,TARGET_001,50012.71956100699,215.81688796042056,18136.213598909035,78.56645749916792,8388.435193787063,0.30732936130629396
230.0,TARGET_001,50228.49607500819,215.64936902048862,18214.67993483619,78.24207040623267,8388.684843362567,0.2172412477978598
231.0,TARGET_001,50444.29162734213,215.81866095433628,18292.861851159116,78.30822854017747,8388.852236242239,0.17058307392491057
232.0,TARGET_001,50660.179362487,215.90872501063785,18371.139368757427,78.38828151747329,8389.17602020435,0.39805106734596546
233.0,TARGET_001,50876.07009968777,215.85990213716022,18449.437178897242,78.26103334950467,8389.638295346725,0.3816304983757508
234.0,TARGET_001,51091.78746354658,215.64768363321363,18527.76206025185,78.34950897066688,8389.97464281806,0.3475539312665014
235.0,TARGET_001,51307.41798152552,215.55186625208052,18605.934782472723,78.0943884958869,8390.33100495525,0.389085085400781
236.0,TARGET_001,51522.671170372814,215.0917208868667,18684.127693567327,78.19748596225556,8390.850140392615,0.5508704638663948
237.0,TARGET_001,51737.877282186535,215.17511944547311,18762.402352506375,78.32342014893763,8391.416360086565,0.6322224282226869
238.0,TARGET_001,51952.81903928951,214.95707243397607,18840.791895651542,78.57479312840356,8392.102772487637,0.771333139168394
239.0,TARGET_001,52167.51194317154,214.402931864215,18919.484147912313,78.67274561833828,8392.831311708676,0.6838513805482219
240.0,TARGET_001,52381.9456118795,214.2975492356851,18998.370932356043,78.80746247149835,8393.54102707483,0.6675345443335535
241.0,TARGET_001,52596.23089596534,214.31297341360437,19077.177219758138,78.89837369752244,8394.168336573903,0.5265584492773466
242.0,TARGET_001,52810.58450611033,214.51506659041422,19156.276122138483,79.03482412209188,8394.777026111571,0.6229044667413822
243.0,TARGET_001,53025.31897443923,214.8478207942359,19235.451485782698,79.15416446256579,8395.510231533332,0.7098842940053433
244.0,TARGET_001,53240.01264011312,214.70645308058013,19314.837203620333,79.3572290226323,8396.094818623696,0.5153503489719625
245.0,TARGET_001,53454.679797018565,214.78131058661785,19394.35510806756,79.4132756118987,8396.53857489008,0.3433117097832379
246.0,TARGET_001,53669.40554454485,214.79031843611264,19473.78798138424,79.47640765161026,8396.922398422646,0.3797944632030194
247.0,TARGET_001,53884.31583407114,214.90388473965422,19553.213118689655,79.42901214189504,8397.276281436141,0.31270051629764933
248.0,TARGET_001,54099.11410767308,214.652912377882,19632.825296254432,79.67197150133858,8397.654029571517,0.44950917960534853
249.0,TARGET_001,54313.871987201215,214.91518776704478,19712.43145078459,79.62025793895816,8398.187846274312,0.6227721954502379
250.0,TARGET_001,54528.78922903157,214.89036597301757,19792.07060286303,79.82975079227995,8398.849506657696,0.7064827853701912
251.0,TARGET_001,54743.659291187534,214.79835864330622,19872.079396761255,80.11315642180794,8399.476900298729,0.6409892093016955
252.0,TARGET_001,54958.619066940075,214.98072989446024,19952.355164014003,80.35366448368897,8400.077855391824,0.6437423935875451
253.0,TARGET_001,55173.5814974733,215.05476416332814,20032.548553701585,80.2175054671529,8400.75998675758,0.7201303939183313
254.0,TARGET_001,55388.73356665538,215.33047844310286,20112.81047079474,80.27237278101374,8401.535408645594,0.8508744717669621
255.0,TARGET_001,55604.099826325655,215.3795162609289,20192.86036928243,80.03916361690393,8402.32219252505,0.7208128672983727
256.0,TARGET_001,55819.40576804129,215.19365149306944,20272.857563438833,80.08627495386543,8403.000426203058,0.6160353579942393
257.0,TARGET_001,56034.46439207165,214.94926046732633,20352.9193464358,80.19915037112028,8403.65571813682,0.6495077743805721
258.0,TARGET_001,56249.71421884229,215.3160477327167,20433.162473573844,80.44177160579191,8404.369243342853,0.6843410292086655
259.0,TARGET_001,56464.855805742394,215.07848609524405,20513.40142893252,80.31854243980357,8405.039008508022,0.5778078123166486
260.0,TARGET_001,56679.96165645194,215.09574146971426,20593.833501997735,80.41453244261119,8405.623847169201,0.510667489476588
261.0,TARGET_001,56894.96456000168,215.1011174666272,20674.359306344093,80.40967996857141,8406.182199514225,0.6379136713401895
262.0,TARGET_001,57109.97831936516,215.00891046175647,20754.83911615758,80.52026433332739,8406.876521736667,0.6792231596914668
263.0,TARGET_001,57325.116015966865,215.2574787223122,20835.6077634559,80.80190106637919,8407.495379835342,0.563733321881453
264.0,TARGET_001,57540.153061575875,214.95921448809824,20916.662533936502,81.17844930275723,8408.142207301747,0.6584835951875314
265.0,TARGET_001,57755.239580124224,215.29359461192342,20997.854229072575,81.30741888449657,8408.804611476877,0.7275034632519718
266.0,TARGET_001,57970.62039927827,215.59466059276278,21079.3004517473,81.59553915817953,8409.44452470464,0.5757118149434441
267.0,TARGET_001,58186.05310563198,215.24369670212968,21160.964607716724,81.86353954498426,8410.006438783652,0.7269804745670976
268.0,TARGET_001,58401.184512442655,215.03638820561994,21243.069785706724,82.22155200615259,8410.720314366776,0.9390914658728757
269.0,TARGET_001,58616.27449227863,215.16738855968882,21325.212982178262,82.05590188008179,8411.665349251169,0.9262635892967578
270.0,TARGET_001,58831.42385918601,215.27580527353703,21407.46463646212,82.23958682622968,8412.489000002093,0.812910183731663
271.0,TARGET_001,59046.72198860271,215.53523077169118,21489.55667096916,81.99272886283988,8413.23630777033,0.7744267448638252
272.0,TARGET_001,59262.488289094144,216.0629748710477,21571.555343842316,82.04302030878868,8414.068884284101,0.7621558905386246
273.0,TARGET_001,59478.5617738879,216.19086386541983,21653.418219864227,81.92109905064703,8414.808125918815,0.6745482707259921
274.0,TARGET_001,59694.6024879987,216.06671915561927,21735.306860772358,81.82048347537538,8415.64290552272,0.9515857025981342
275.0,TARGET_001,59910.53330799699,215.9093464096445,21817.217076018776,81.90680146548031,8416.737585445568,1.1867630210527835
276.0,TARGET_001,60126.48289998028,216.07105581082917,21898.966322931687,81.651113803226,8417.896948064232,1.1466386018220582
277.0,TARGET_001,60342.576450910376,216.19770218376655,21980.605601609852,81.61097068274579,8419.09084537027,1.2701747898701816
278.0,TARGET_001,60558.74432065826,216.13359979774413,22062.12075914216,81.53747097762567,8420.431243483476,1.426099133500589
279.0,TARGET_001,60774.83481767555,215.98932795961807,22143.714549282588,81.6067338516556,8421.682915604055,1.099818247937252
280.0,TARGET_001,60990.74047637408,215.94083301959708,22225.42651378738,81.65038500297729,8422.737452536088,0.9768734628618431
281.0,TARGET_001,61206.60735571619,215.92757662607562,22306.947156447608,81.37714350846963,8423.766515965839,1.1005782765760523
282.0,TARGET_001,61422.41479845296,215.9077902166225,22388.21085578183,81.12846557388963,8424.79288953414,0.9774478843962958
283.0,TARGET_001,61638.57809103192,216.37744114217605,22469.114763919333,80.85578053936578,8425.75466049399,0.999279820497738
284.0,TARGET_001,61855.03452046736,216.46827098184525,22550.032663310612,80.96607527881744,8426.759590860762,1.1354351353858152
285.0,TARGET_001,62071.80137074674,216.72206619033895,22631.090815265805,81.15059072226096,8427.959630997528,1.2163811465959982
286.0,TARGET_001,62288.601772450565,216.87295551511463,22712.41011091804,81.22523624935542,8429.080666380845,1.0648374675336518
287.0,TARGET_001,62505.51448931976,216.9914015437302,22793.568196913933,80.98465603459867,8430.085326253893,1.038317573532384
288.0,TARGET_001,62722.50074227156,216.8845464632203,22874.495683809397,80.92890472520978,8431.109150244733,1.0135114225547985
289.0,TARGET_001,62939.48190687563,217.16565957680038,22955.315184847008,80.59336140694985,8432.092336720447,1.086965590458063
290.0,TARGET_001,63156.526061358585,216.93170839161812,23036.025736248568,80.91712152588889,8433.120058796741,0.9899466066001401
291.0,TARGET_001,63373.524050391185,217.10306006723843,23116.93971253188,80.98308360782515,8434.080235083391,0.9833122493553275
292.0,TARGET_001,63590.64839410181,217.15861581614922,23197.802463742595,80.93092411445087,8435.134635950799,1.1059705954763268
293.0,TARGET_001,63807.71422743092,216.9502632006144,23278.74068780388,80.8016331153917,8436.245038546633,1.080760664177705
294.0,TARGET_001,64024.81539531307,217.08164137222903,23359.703477417464,81.09528508430434,8437.264390615323,1.0230689210750052
295.0,TARGET_001,64242.111387271005,217.5644979650836,23440.840802513354,81.19035411281925,8438.307865410794,0.9842778942998164
296.0,TARGET_001,64459.623079173914,217.448100680351,23522.12849062093,81.20709469023163,8439.274438249375,0.9358737207540462
297.0,TARGET_001,64676.8574673865,217.0033788861696,23603.26072088781,80.91920953048911,8440.294141590686,1.0861114044337608
298.0,TARGET_001,64893.865016968026,216.97557033185666,23684.114829831247,80.6776701213881,8441.381811997748,1.0007687320294043
299.0,TARGET_001,65110.80572256987,216.9769345890549,23764.824662148934,80.79763205866753,8442.345206372145,0.8596395171359833
300.0,TARGET_001,65327.868823413286,217.0495633889686,23845.727298025777,80.88081571627237,8443.144070990105,0.6865924094685039
