x,vx,y,vy,time,target
100.1986856612045,100.1986856612045,9999.944694279531,-0.055305720468473867,0.0,TARGET_1_LINEAR
200.65644673764928,100.45776107644477,10000.498600501625,0.5539062220947364,1.0,TARGET_1_LINEAR
301.0205464642047,100.36409972655544,10000.95885194094,0.4602514393150642,2.0,TARGET_1_LINEAR
402.0163313169631,100.99578485275839,10001.726077271916,0.7672253309762277,3.0,TARGET_1_LINEAR
502.8243264153475,100.80799509838441,10002.710326620327,0.9842493484106136,4.0,TARGET_1_LINEAR
603.4469544366069,100.62262802125943,10003.50828406731,0.7979574469825108,5.0,TARGET_1_LINEAR
704.1663673664928,100.71941292988585,10003.54092941643,0.03264534911939165,6.0,TARGET_1_LINEAR
804.1958131633734,100.02944579688064,10003.348659753852,-0.19226966257699743,7.0,TARGET_1_LINEAR
903.8201265121203,99.62431334874687,10003.282089024313,-0.06657072953888787,8.0,TARGET_1_LINEAR
1003.0812302306587,99.26110371853838,10002.65059681424,-0.6314922100730045,9.0,TARGET_1_LINEAR
1102.9285934567656,99.847363226107,10001.928794083971,-0.7218027302676188,10.0,TARGET_1_LINEAR
1202.8029679647477,99.87437450798218,10000.637092079218,-1.2917020047530015,11.0,TARGET_1_LINEAR
1302.4595893829198,99.65662141817211,9999.389759110349,-1.247332968869055,12.0,TARGET_1_LINEAR
1401.655813370123,99.19622398720318,9998.292705348818,-1.0970537615307863,13.0,TARGET_1_LINEAR
1500.6117818813586,98.95596851123567,9997.07897408737,-1.213731261448097,14.0,TARGET_1_LINEAR
1599.3270677477026,98.7152858663439,9996.606154099725,-0.47281998764452193,15.0,TARGET_1_LINEAR
1698.0369547241512,98.70988697644873,9995.710249740498,-0.895904359226882,16.0,TARGET_1_LINEAR
1797.0758596654412,99.03890494129,9994.326007921281,-1.384241819215291,17.0,TARGET_1_LINEAR
1896.198310044733,99.1224503792919,9992.157898052514,-2.168109868767201,18.0,TARGET_1_LINEAR
1994.7894860044655,98.59117595973254,9990.068532678095,-2.0893653744195517,19.0,TARGET_1_LINEAR
2093.6760485961963,98.88656259173071,9988.047714616152,-2.0208180619435634,20.0,TARGET_1_LINEAR
2192.516351874972,98.84030327877541,9985.906455075972,-2.141259540179279,21.0,TARGET_1_LINEAR
2290.7652463576005,98.24889448262844,9983.477257852435,-2.4291972235371624,22.0,TARGET_1_LINEAR
2388.829885331845,98.06463897424453,9981.470909519385,-2.006348333049596,23.0,TARGET_1_LINEAR
2487.031971621917,98.20208629007192,9978.75934512419,-2.7115643951946895,24.0,TARGET_1_LINEAR
2585.363691499747,98.33171987782984,9975.893747816828,-2.865597307361216,25.0,TARGET_1_LINEAR
2683.4246425774545,98.06095107770746,9973.272821025002,-2.620926791824869,26.0,TARGET_1_LINEAR
2781.89799346416,98.47335088670584,9971.024406280823,-2.2484147441783895,27.0,TARGET_1_LINEAR
2880.035657341577,98.13766387741678,9968.652306586304,-2.3720996945188753,28.0,TARGET_1_LINEAR
2978.305826591555,98.27016924997821,9966.670424942635,-1.9818816436699316,29.0,TARGET_1_LINEAR
3076.3843261463953,98.07849955484009,9964.6142797083,-2.0561452343354585,30.0,TARGET_1_LINEAR
3174.020291711633,97.63596556523768,9962.079651824331,-2.534627883967727,31.0,TARGET_1_LINEAR
3271.981267605828,97.96097589419536,9960.087519951792,-1.9921318725393977,32.0,TARGET_1_LINEAR
3369.9134394513912,97.93217184556322,9958.496801238409,-1.590718713382588,33.0,TARGET_1_LINEAR
3467.9902657069733,98.07682625558228,9956.648034623184,-1.8487666152246378,34.0,TARGET_1_LINEAR
3566.211650204759,98.22138449778564,9955.414482634545,-1.2335519886382502,35.0,TARGET_1_LINEAR
3664.4187042869003,98.20705408214165,9954.806788108233,-0.6076945263126476,36.0,TARGET_1_LINEAR
3761.577860327406,97.15915604050575,9954.52785458367,-0.2789335245625581,37.0,TARGET_1_LINEAR
3858.771835195207,97.19397486780102,9954.129318118921,-0.3985364647489051,38.0,TARGET_1_LINEAR
3956.0025143736225,97.23067917841522,9952.935754088332,-1.1935640305892623,39.0,TARGET_1_LINEAR
4053.1453247969025,97.14281042328021,9951.885035086347,-1.0507190019845638,40.0,TARGET_1_LINEAR
4150.879292838079,97.73396804117682,9950.627007997053,-1.2580270892940228,41.0,TARGET_1_LINEAR
4248.289863438098,97.41057060001955,9949.168278090325,-1.4587299067278374,42.0,TARGET_1_LINEAR
4346.066594885198,97.77673144710039,9947.84104862746,-1.3272294628639636,43.0,TARGET_1_LINEAR
4443.631422250792,97.56482736559357,9946.719126137841,-1.121922489618621,44.0,TARGET_1_LINEAR
4541.235080636125,97.60365838533279,9945.984661644436,-0.7344644934054654,45.0,TARGET_1_LINEAR
4638.557917783906,97.32283714778185,9945.119132292391,-0.8655293520445727,46.0,TARGET_1_LINEAR
4735.723911670435,97.165993886529,9943.668196961095,-1.45093533129742,47.0,TARGET_1_LINEAR
4833.008353667789,97.28444199735482,9942.32168373867,-1.3465132224254643,48.0,TARGET_1_LINEAR
4930.294841047801,97.2864873800118,9940.881335662894,-1.4403480757755232,49.0,TARGET_1_LINEAR
5027.015180130993,96.72033908319165,9939.272729458013,-1.6086062048816667,50.0,TARGET_1_LINEAR
5123.598433407574,96.58325327658093,9937.343212345442,-1.9295171125703143,51.0,TARGET_1_LINEAR
5220.1171723994885,96.51873899191453,9935.575315575597,-1.767896769844499,52.0,TARGET_1_LINEAR
5317.390385751887,97.27321335239874,9933.877249930885,-1.6980656447117635,53.0,TARGET_1_LINEAR
5414.766619260575,97.37623350868785,9932.149405919867,-1.7278440110182303,54.0,TARGET_1_LINEAR
5511.375344283143,96.60872502256824,9930.410956358668,-1.738449561197917,55.0,TARGET_1_LINEAR
5608.008161389687,96.63281710654465,9929.657803642463,-0.7531527162038024,56.0,TARGET_1_LINEAR
5704.56403411032,96.5558727206322,9929.025269863194,-0.6325337792703574,57.0,TARGET_1_LINEAR
5801.10602212307,96.5419880127501,9927.925264868876,-1.1000049943181702,58.0,TARGET_1_LINEAR
5898.105139261626,96.9991171385561,9927.126033087632,-0.7992317812434606,59.0,TARGET_1_LINEAR
5995.420669179,97.31552991737333,9925.96304632447,-1.1629867631613562,60.0,TARGET_1_LINEAR
6093.297316820747,97.87664764174777,9924.239319136192,-1.7237271882782685,61.0,TARGET_1_LINEAR
6191.4087073000155,98.11139047926787,9923.391774198237,-0.8475449379542771,62.0,TARGET_1_LINEAR
6289.123883249231,97.71517594921559,9922.317710168441,-1.0740640297953858,63.0,TARGET_1_LINEAR
6386.878919744481,97.75503649525065,9921.042255876999,-1.2754542914418656,64.0,TARGET_1_LINEAR
6484.013690867306,97.13477112282419,9919.794226775479,-1.2480291015194547,65.0,TARGET_1_LINEAR
6580.7235405046395,96.70984963733375,9918.735634646213,-1.058592129265382,66.0,TARGET_1_LINEAR
6677.065620448279,96.34207994364023,9918.297016278955,-0.4386183672583661,67.0,TARGET_1_LINEAR
6773.094399074985,96.02877862670573,9917.729573305214,-0.5674429737406363,68.0,TARGET_1_LINEAR
6869.448584588638,96.3541855136536,9916.6697846049,-1.0597887003142183,69.0,TARGET_1_LINEAR
6965.8937540761335,96.44516948749525,9916.132853006298,-0.5369315986012471,70.0,TARGET_1_LINEAR
7061.695930269804,95.80217619367076,9915.66977495111,-0.46307805518832534,71.0,TARGET_1_LINEAR
7157.602059581174,95.90612931137014,9915.519426044631,-0.15034890647740118,72.0,TARGET_1_LINEAR
7253.0134086081935,95.4113490270189,9914.84089449292,-0.6785315517111117,73.0,TARGET_1_LINEAR
7348.633534261459,95.62012565326566,9914.281156810503,-0.5597376824178373,74.0,TARGET_1_LINEAR
7444.3538570548635,95.72032279340401,9913.859998411883,-0.421158398619047,75.0,TARGET_1_LINEAR
7539.802169959637,95.4483129047726,9913.531741492128,-0.3282569197546456,76.0,TARGET_1_LINEAR
7635.367711853729,95.56554189409208,9912.917744005163,-0.6139974869651927,77.0,TARGET_1_LINEAR
7731.6795635522785,96.31185169854999,9912.493279686561,-0.42446431860047773,78.0,TARGET_1_LINEAR
7827.514893851948,95.83533029966893,9912.331436811415,-0.16184287514694584,79.0,TARGET_1_LINEAR
7922.960351483526,95.445457631578,9912.484427777765,0.152990966350035,80.0,TARGET_1_LINEAR
8018.869247346707,95.90889586318096,9912.309145816775,-0.1752819609906492,81.0,TARGET_1_LINEAR
8115.163493661586,96.29424631487869,9912.298976226559,-0.01016959021604985,82.0,TARGET_1_LINEAR
8211.786564040462,96.62307037887649,9913.047523829404,0.7485476028455291,83.0,TARGET_1_LINEAR
8308.311479172937,96.52491513247534,9913.494576966506,0.44705313710253325,84.0,TARGET_1_LINEAR
8404.480588533563,96.16910936062513,9913.615305989622,0.12072902311635791,85.0,TARGET_1_LINEAR
8500.618857210422,96.13826867685948,9913.872495802665,0.25718981304301547,86.0,TARGET_1_LINEAR
8596.867802207013,96.24894499659149,9914.460558915322,0.588063112657425,87.0,TARGET_1_LINEAR
8693.121947960355,96.25414575334266,9915.630035658842,1.1694767435203517,88.0,TARGET_1_LINEAR
8789.270230980403,96.14828302004747,9917.887580068998,2.257544410156199,89.0,TARGET_1_LINEAR
8885.668780939555,96.39854995915347,9919.802261456589,1.914681387589686,90.0,TARGET_1_LINEAR
8981.638973899484,95.97019295992902,9921.909931810276,2.1076703536869603,91.0,TARGET_1_LINEAR
9077.519781745283,95.88080784579869,9924.3032023616,2.393270551323797,92.0,TARGET_1_LINEAR
9173.58988464091,96.0701028956281,9926.66734134786,2.364138986261048,93.0,TARGET_1_LINEAR
9269.321270049311,95.73138540840074,9928.425541444247,1.7582000963867022,94.0,TARGET_1_LINEAR
9364.874049476884,95.55277942757394,9930.526301058362,2.1007596141160914,95.0,TARGET_1_LINEAR
9460.512466402111,95.63841692522603,9932.128765160993,1.6024641026312962,96.0,TARGET_1_LINEAR
9556.220155697678,95.7076892955665,9933.885356215516,1.756591054522831,97.0,TARGET_1_LINEAR
9651.574302018764,95.35414632108605,9935.703437312417,1.8180810969010421,98.0,TARGET_1_LINEAR
9746.951731827228,95.37742980846444,9937.064330290186,1.3608929777687928,99.0,TARGET_1_LINEAR
9842.472276579832,95.52054475260375,9938.649537078501,1.5852067883160865,100.0,TARGET_1_LINEAR
9938.426041829705,95.95376524987387,9940.656264687632,2.006727609130048,101.0,TARGET_1_LINEAR
10033.828739332397,95.40269750269103,9942.287862280797,1.6315975931639988,102.0,TARGET_1_LINEAR
10129.437450941972,95.60871160957448,9944.124974254326,1.8371119735288823,103.0,TARGET_1_LINEAR
10225.252181626069,95.8147306840969,9947.503178824116,3.378204569790771,104.0,TARGET_1_LINEAR
10321.295268514443,96.04308688837416,9951.33560964998,3.832430825863011,105.0,TARGET_1_LINEAR
10417.719956108214,96.42468759377144,9955.428596976364,4.09298732638533,106.0,TARGET_1_LINEAR
10514.01853600413,96.2985798959153,9959.825171990948,4.396575014582638,107.0,TARGET_1_LINEAR
10610.00798581423,95.98944981010027,9964.127019562835,4.3018475718866345,108.0,TARGET_1_LINEAR
10705.8032902052,95.79530439096862,9968.461616790477,4.334597227641163,109.0,TARGET_1_LINEAR
10802.524458022837,96.72116781763803,9972.04930794108,3.587691150604464,110.0,TARGET_1_LINEAR
10899.520129916626,96.99567189378784,9974.99191274321,2.9426048021286033,111.0,TARGET_1_LINEAR
10996.327029064098,96.80689914747207,9978.370097784125,3.37818504091555,112.0,TARGET_1_LINEAR
11093.159640219208,96.83261115511026,9981.317184913869,2.9470871297438275,113.0,TARGET_1_LINEAR
11189.706129890614,96.54648967140626,9984.536111143187,3.218926229317698,114.0,TARGET_1_LINEAR
11285.960472909333,96.25434301871941,9987.841620808336,3.305509665150488,115.0,TARGET_1_LINEAR
11382.233044664015,96.27257175468094,9990.886490334444,3.044869526108161,116.0,TARGET_1_LINEAR
11479.363194054426,97.13014939041106,9994.18492746948,3.2984371350353654,117.0,TARGET_1_LINEAR
11575.683286410174,96.32009235574802,9997.557946330422,3.3730188609431364,118.0,TARGET_1_LINEAR
11671.738664180015,96.05537776984066,10001.271938525284,3.713992194861626,119.0,TARGET_1_LINEAR
11767.477033654483,95.73836947446758,10004.940036143558,3.6680976182748664,120.0,TARGET_1_LINEAR
11863.417398040543,95.94036438605976,10008.954435839501,4.014399695942915,121.0,TARGET_1_LINEAR
11958.87764386378,95.46024582323744,10012.835035041107,3.8805992016065356,122.0,TARGET_1_LINEAR
12054.147911562553,95.27026769877305,10016.454302549684,3.619267508577051,123.0,TARGET_1_LINEAR
12150.12436095744,95.97644939488549,10020.235562742646,3.781260192961433,124.0,TARGET_1_LINEAR
12245.59645677059,95.47209581315147,10024.38396771443,4.148404971783344,125.0,TARGET_1_LINEAR
12341.917415062548,96.32095829195653,10028.945358790434,4.561391076003803,126.0,TARGET_1_LINEAR
12437.630625368123,95.71321030557492,10033.313056237292,4.367697446857302,127.0,TARGET_1_LINEAR
12533.850600133374,96.21997476524957,10037.397685897902,4.08462966060979,128.0,TARGET_1_LINEAR
12630.248102669882,96.39750253650807,10041.792169179884,4.3944832819815245,129.0,TARGET_1_LINEAR
12726.27483301776,96.02673034787684,10046.16284231944,4.370673139556804,130.0,TARGET_1_LINEAR
12821.005056429609,94.73022341184921,10050.123760402463,3.9609180830230883,131.0,TARGET_1_LINEAR
12915.634252580901,94.62919615129195,10053.5855652127,3.4618048102371484,132.0,TARGET_1_LINEAR
13010.916413253766,95.2821606728646,10056.475313471752,2.889748259052895,133.0,TARGET_1_LINEAR
13106.022556131951,95.1061428781858,10059.41735796172,2.9420444899673317,134.0,TARGET_1_LINEAR
13201.705208325764,95.68265219381226,10061.785057591216,2.367699629495556,135.0,TARGET_1_LINEAR
13297.853126020438,96.14791769467425,10064.156850445119,2.371792853903391,136.0,TARGET_1_LINEAR
13393.608440254693,95.75531423425507,10066.713484688727,2.5566342436086993,137.0,TARGET_1_LINEAR
13489.443378367178,95.83493811248445,10069.030032181472,2.3165474927451815,138.0,TARGET_1_LINEAR
13585.306237313658,95.86285894648046,10071.192454235472,2.1624220540004773,139.0,TARGET_1_LINEAR
13681.21450319824,95.90826588458096,10073.61972855928,2.427274323808896,140.0,TARGET_1_LINEAR
13777.75717580928,96.5426726110391,10075.55187668356,1.9321481242781562,141.0,TARGET_1_LINEAR
13875.153061770181,97.3958859609016,10076.703189688029,1.1513130044691553,142.0,TARGET_1_LINEAR
13972.488233693068,97.33517192288735,10078.089829575092,1.386639887062986,143.0,TARGET_1_LINEAR
14069.935802363048,97.44756866998137,10079.227389654226,1.1375600791347484,144.0,TARGET_1_LINEAR
14167.300122132887,97.36431976983846,10080.167749359498,0.9403597052712153,145.0,TARGET_1_LINEAR
14264.428695999948,97.12857386706078,10081.447949903577,1.2802005440796251,146.0,TARGET_1_LINEAR
14361.700076061396,97.2713800614468,10082.450986609552,1.0030367059753633,147.0,TARGET_1_LINEAR
14459.331296073016,97.6312200116201,10083.576943123879,1.125956514326007,148.0,TARGET_1_LINEAR
14557.287660932172,97.95636485915568,10084.954751174973,1.377808051095452,149.0,TARGET_1_LINEAR
14654.91242778696,97.62476685478686,10086.10848680999,1.153735635016664,150.0,TARGET_1_LINEAR
14752.836112083796,97.92368429683616,10087.50637055118,1.39788374119005,151.0,TARGET_1_LINEAR
14850.751435743046,97.9153236592505,10088.951185245694,1.4448146945135627,152.0,TARGET_1_LINEAR
14949.177825360612,98.42638961756587,10090.159371384674,1.2081861389792308,153.0,TARGET_1_LINEAR
15047.823053930646,98.6452285700339,10091.28668046268,1.1273090780056731,154.0,TARGET_1_LINEAR
15146.381210019388,98.558156088743,10092.85350028148,1.5668198188005493,155.0,TARGET_1_LINEAR
15245.269532647726,98.88832262833822,10094.745723954682,1.8922236732008049,156.0,TARGET_1_LINEAR
15344.680046798925,99.41051415119995,10096.646349164535,1.9006252098539085,157.0,TARGET_1_LINEAR
15444.363342138644,99.68329533971793,10098.422867671752,1.7765185072165262,158.0,TARGET_1_LINEAR
15544.176304019356,99.8129618807133,10100.147328957222,1.7244612854694523,159.0,TARGET_1_LINEAR
15644.028064286067,99.85176026671039,10102.109853052867,1.9625240956442178,160.0,TARGET_1_LINEAR
15743.552536279483,99.524471993417,10104.909332058785,2.799479005918402,161.0,TARGET_1_LINEAR
15842.674601320301,99.12206504081712,10107.223135619588,2.313803560803309,162.0,TARGET_1_LINEAR
15942.259910710518,99.58530939021715,10109.853604257976,2.6304686383884834,163.0,TARGET_1_LINEAR
16042.094868027556,99.834957317038,10112.735411100071,2.8818068420941954,164.0,TARGET_1_LINEAR
16141.924926635455,99.83005860789923,10115.25831619357,2.5229050934998627,165.0,TARGET_1_LINEAR
16241.785307066632,99.86038043117672,10117.510356602466,2.252040408895018,166.0,TARGET_1_LINEAR
16342.035735391175,100.25042832454382,10119.70357405876,2.193217456294162,167.0,TARGET_1_LINEAR
16441.955964837,99.92022944582682,10121.768237178392,2.064663119632965,168.0,TARGET_1_LINEAR
16542.041366864538,100.08540202753707,10123.607410476903,1.839173298511375,169.0,TARGET_1_LINEAR
16641.797880733848,99.7565138693105,10125.54405866001,1.93664818310814,170.0,TARGET_1_LINEAR
16741.6523812316,99.85450049775399,10127.27792957297,1.7338709129596879,171.0,TARGET_1_LINEAR
16841.31846640711,99.66608517550667,10129.104620460874,1.8266908879027424,172.0,TARGET_1_LINEAR
16940.405317846016,99.08685143890774,10130.368325839027,1.2637053781521201,173.0,TARGET_1_LINEAR
17039.20479159642,98.79947375040678,10131.546652356494,1.1783265174673812,174.0,TARGET_1_LINEAR
17138.128628373066,98.92383677664598,10133.315121360742,1.768469004247202,175.0,TARGET_1_LINEAR
17237.395528998994,99.2669006259268,10135.019614953004,1.7044935922618312,176.0,TARGET_1_LINEAR
17336.65482314176,99.25929414276573,10136.323096799411,1.3034818464067075,177.0,TARGET_1_LINEAR
17435.906712030126,99.25188888836877,10137.51111519025,1.1880183908386521,178.0,TARGET_1_LINEAR
17535.28768834263,99.380976312504,10138.368241203667,0.857126013417723,179.0,TARGET_1_LINEAR
17634.87640326083,99.58871491820047,10139.838462782285,1.4702215786187542,180.0,TARGET_1_LINEAR
17734.42161411965,99.54521085881773,10141.469369049744,1.6309062674583308,181.0,TARGET_1_LINEAR
17834.242882575152,99.82126845550216,10142.93978712845,1.4704180787039962,182.0,TARGET_1_LINEAR
17934.153788023377,99.91090544822633,10144.415242167466,1.4754550390167143,183.0,TARGET_1_LINEAR
18034.10376391102,99.94997588764586,10145.58149329294,1.1662511254745276,184.0,TARGET_1_LINEAR
18134.06354386837,99.95977995734944,10146.946943734913,1.3654504419727074,185.0,TARGET_1_LINEAR
18234.603781268837,100.54023740046746,10148.69610250732,1.74915877240679,186.0,TARGET_1_LINEAR
18336.00529165231,101.40151038347209,10150.138322254572,1.4422197472515703,187.0,TARGET_1_LINEAR
18437.755730290468,101.75043863816036,10151.653878804118,1.515556549546911,188.0,TARGET_1_LINEAR
18540.382090101917,102.62635981144743,10152.846116039524,1.1922372354048503,189.0,TARGET_1_LINEAR
18642.672561176492,102.29047107457512,10153.798596216751,0.9524801772272414,190.0,TARGET_1_LINEAR
18744.113473961344,101.44091278485121,10154.540774385307,0.742178168554937,191.0,TARGET_1_LINEAR
18845.250733681572,101.13725972022972,10155.343110068452,0.80233568314542,192.0,TARGET_1_LINEAR
18946.52469579211,101.27396211054058,10156.895914087283,1.5528040188317744,193.0,TARGET_1_LINEAR
19048.178827437925,101.654131645815,10158.21795664385,1.3220425565668132,194.0,TARGET_1_LINEAR
19149.4735932152,101.29476577727566,10159.736766869019,1.5188102251694156,195.0,TARGET_1_LINEAR
19250.240265709668,100.7666724944674,10161.98816060053,2.251393731511157,196.0,TARGET_1_LINEAR
19351.478714252426,101.23844854275592,10164.0518840712,2.063723470669275,197.0,TARGET_1_LINEAR
19452.031908983547,100.55319473111956,10166.657156491534,2.6052724203354405,198.0,TARGET_1_LINEAR
19552.539287776566,100.50737879301852,10169.75755543666,3.1003989451248253,199.0,TARGET_1_LINEAR
19652.408895506065,99.86960772950077,10172.618204372602,2.860648935943316,200.0,TARGET_1_LINEAR
19752.280600715454,99.87170520938804,10175.497645546051,2.8794411734492127,201.0,TARGET_1_LINEAR
19851.972279736252,99.69167902079634,10178.626226692439,3.1285811463882123,202.0,TARGET_1_LINEAR
19951.236910585296,99.2646308490433,10181.697856044819,3.071629352379695,203.0,TARGET_1_LINEAR
20050.549659687025,99.31274910172806,10184.975260930822,3.2774048860031946,204.0,TARGET_1_LINEAR
20150.147054739988,99.59739505296362,10187.80280898009,2.8275480492680467,205.0,TARGET_1_LINEAR
20249.130804124656,98.98374938466937,10191.141427758117,3.3386187780274503,206.0,TARGET_1_LINEAR
20348.247479114118,99.1166749894612,10194.180651921522,3.0392241634048287,207.0,TARGET_1_LINEAR
20447.984614893787,99.73713577967021,10197.266145938644,3.085494017121972,208.0,TARGET_1_LINEAR
20548.19346954708,100.20885465329575,10200.378647348329,3.1125014096860157,209.0,TARGET_1_LINEAR
20649.22662337033,101.03315382324854,10204.193285094992,3.8146377466632977,210.0,TARGET_1_LINEAR
20750.16019153419,100.9335681638569,10208.396551222038,4.2032661270450395,211.0,TARGET_1_LINEAR
20851.35191007788,101.19171854369097,10213.147269972096,4.750718750057979,212.0,TARGET_1_LINEAR
20952.15765923734,100.80574915945893,10218.172409306153,5.025139334057355,213.0,TARGET_1_LINEAR
21053.386778191536,101.22911895419877,10222.49405284564,4.321643539488109,214.0,TARGET_1_LINEAR
21154.142593740668,100.75581554913246,10226.000003514026,3.505950668384069,215.0,TARGET_1_LINEAR
21254.790646556023,100.64805281535465,10229.792971084727,3.7929675707024537,216.0,TARGET_1_LINEAR
21356.039642192216,101.24899563619306,10233.615576567598,3.822605482870364,217.0,TARGET_1_LINEAR
21457.940084046637,101.90044185442157,10236.886141467183,3.270564899584407,218.0,TARGET_1_LINEAR
21559.159172925316,101.21908887867951,10240.134487287209,3.24834582002576,219.0,TARGET_1_LINEAR
21660.531887983572,101.37271505825524,10243.369755207998,3.2352679207881225,220.0,TARGET_1_LINEAR
21761.07762620181,100.5457382182393,10246.56937511298,3.199619904983007,221.0,TARGET_1_LINEAR
21861.10157661985,100.02395041803736,10250.036864037495,3.467488924515022,222.0,TARGET_1_LINEAR
21961.272166336326,100.1705897164761,10253.12840104748,3.09153700998408,223.0,TARGET_1_LINEAR
22061.237209285868,99.96504294954143,10255.796252648708,2.667851601228499,224.0,TARGET_1_LINEAR
22161.1771805965,99.93997131063216,10258.846161178137,3.0499085294289943,225.0,TARGET_1_LINEAR
22260.722861488597,99.54568089209795,10262.097688313774,3.251527135636132,226.0,TARGET_1_LINEAR
22360.056439333344,99.33357784474897,10265.032066316506,2.934378002731194,227.0,TARGET_1_LINEAR
22459.34720503411,99.29076570076715,10267.552347390269,2.5202810737634445,228.0,TARGET_1_LINEAR
22558.41651101274,99.06930597862828,10269.593477306997,2.041129916727905,229.0,TARGET_1_LINEAR
22658.271707044536,99.85519603179483,10271.648712644514,2.055235337516596,230.0,TARGET_1_LINEAR
22757.847012873135,99.5753058285978,10273.789539946323,2.140827301810285,231.0,TARGET_1_LINEAR
22857.377387481858,99.53037460872147,10275.84197940832,2.052439461996996,232.0,TARGET_1_LINEAR
22957.153428770598,99.77604128873884,10278.197421954335,2.355442546015918,233.0,TARGET_1_LINEAR
23056.717269600293,99.56384082969463,10280.322537204094,2.125115249758046,234.0,TARGET_1_LINEAR
23156.171089751126,99.45382015083396,10281.526883987957,1.2043467838638118,235.0,TARGET_1_LINEAR
23255.01883347708,98.84774372595454,10283.277980478799,1.7510964908416216,236.0,TARGET_1_LINEAR
23354.524564288433,99.50573081135505,10284.929462553819,1.6514820750190702,237.0,TARGET_1_LINEAR
23454.26091788501,99.73635359657736,10286.705444690655,1.7759821368364845,238.0,TARGET_1_LINEAR
23555.22882380497,100.96790591995945,10288.929256792066,2.2238121014103154,239.0,TARGET_1_LINEAR
23656.145562688336,100.91673888336715,10290.770852717236,1.841595925170145,240.0,TARGET_1_LINEAR
23756.4197230436,100.27416035526412,10292.693834096754,1.9229813795170343,241.0,TARGET_1_LINEAR
23856.39134310075,99.97162005715039,10294.047913992432,1.3540798956779647,242.0,TARGET_1_LINEAR
23956.1043340042,99.71299090345337,10294.969374686663,0.9214606942322068,243.0,TARGET_1_LINEAR
24056.492181561684,100.3878475574824,10296.243491283676,1.274116597011987,244.0,TARGET_1_LINEAR
24156.87684006264,100.38465850095575,10298.109585536244,1.8660942525679973,245.0,TARGET_1_LINEAR
24257.292445886655,100.4156058240148,10299.63116610828,1.521580572036692,246.0,TARGET_1_LINEAR
24358.317301341576,101.02485545492267,10301.368310697791,1.7371445895105555,247.0,TARGET_1_LINEAR
24458.927258334767,100.60995699319209,10303.029319816069,1.6610091182771123,248.0,TARGET_1_LINEAR
24559.186968026606,100.25970969183818,10304.13720904196,1.1078892258913777,249.0,TARGET_1_LINEAR
24659.817148737457,100.63018071085084,10306.00886492404,1.87165588207943,250.0,TARGET_1_LINEAR
24759.88790241878,100.07075368132318,10308.105708500796,2.096843576755658,251.0,TARGET_1_LINEAR
24859.698399072455,99.81049665367445,10310.007701924045,1.9019934232497797,252.0,TARGET_1_LINEAR
24959.271938156435,99.5735390839789,10311.564099039422,1.5563971153778533,253.0,TARGET_1_LINEAR
25058.86488589159,99.59294773515683,10312.788116108235,1.2240170688134382,254.0,TARGET_1_LINEAR
25158.56601635706,99.70113046546876,10313.992037933269,1.2039218250337833,255.0,TARGET_1_LINEAR
25258.171567603782,99.6055512467222,10314.832934293487,0.8408963602171442,256.0,TARGET_1_LINEAR
25357.54641031828,99.37484271449486,10315.975987144035,1.1430528505474467,257.0,TARGET_1_LINEAR
25457.121619907823,99.57520958954461,10316.728017896663,0.7520307526280262,258.0,TARGET_1_LINEAR
25556.736562419537,99.61494251171631,10317.78060349864,1.052585601976742,259.0,TARGET_1_LINEAR
25655.683742818805,98.94718039926776,10319.05053317757,1.269929678928716,260.0,TARGET_1_LINEAR
25754.365873714494,98.68213089568943,10320.548702323935,1.4981691463659796,261.0,TARGET_1_LINEAR
25852.742700947565,98.37682723307242,10321.324918630035,0.776216306100172,262.0,TARGET_1_LINEAR
25950.468511205483,97.72581025791915,10322.120368914799,0.7954502847647248,263.0,TARGET_1_LINEAR
26048.29821046409,97.82969925860775,10322.554092549522,0.4337236347229613,264.0,TARGET_1_LINEAR
26146.38334670621,98.0851362421187,10322.323208159338,-0.23088439018462265,265.0,TARGET_1_LINEAR
26244.44205102887,98.05870432265976,10321.607917289248,-0.7152908700896053,266.0,TARGET_1_LINEAR
26342.240020908408,97.7979698795389,10320.911585887685,-0.6963314015630397,267.0,TARGET_1_LINEAR
26439.693825441835,97.45380453342531,10320.06143226843,-0.8501536192549699,268.0,TARGET_1_LINEAR
26537.550147098947,97.8563216571111,10318.980521901367,-1.0809103670642295,269.0,TARGET_1_LINEAR
26635.740745600884,98.19059850193715,10317.44772879244,-1.5327931089272768,270.0,TARGET_1_LINEAR
26734.143265773986,98.40252017310326,10316.491563131776,-0.9561656606641167,271.0,TARGET_1_LINEAR
26831.55712814704,97.41386237305234,10315.216639368924,-1.2749237628523074,272.0,TARGET_1_LINEAR
26929.201819370966,97.64469122392455,10313.860497451655,-1.3561419172695044,273.0,TARGET_1_LINEAR
27026.99496894424,97.79314957327308,10312.262761459699,-1.5977359919558327,274.0,TARGET_1_LINEAR
27124.822754432502,97.82778548826225,10310.602754573585,-1.6600068861126644,275.0,TARGET_1_LINEAR
27223.117652745426,98.29489831292618,10309.044516024793,-1.5582385487921793,276.0,TARGET_1_LINEAR
27321.54759212318,98.42993937775626,10307.321526689551,-1.7229893352411663,277.0,TARGET_1_LINEAR
27419.782489011308,98.23489688812725,10305.425514079183,-1.8960126103690147,278.0,TARGET_1_LINEAR
27518.175166756388,98.39267774507857,10303.361107676486,-2.06440640269712,279.0,TARGET_1_LINEAR
27616.683754444224,98.50858768783714,10302.126861593248,-1.2342460832389444,280.0,TARGET_1_LINEAR
27715.540792013435,98.85703756920981,10300.76220609714,-1.3646554961060808,281.0,TARGET_1_LINEAR
27814.87831515151,99.33752313807538,10299.234320451826,-1.5278856453147014,282.0,TARGET_1_LINEAR
27913.400588475513,98.52227332400425,10297.303200282144,-1.9311201696816631,283.0,TARGET_1_LINEAR
28011.174545031106,97.7739565555939,10295.231474718845,-2.0717255632981866,284.0,TARGET_1_LINEAR
28108.955868938378,97.78132390726972,10293.830324080456,-1.4011506383880734,285.0,TARGET_1_LINEAR
28206.867963795154,97.91209485677538,10292.341533230545,-1.4887908499116191,286.0,TARGET_1_LINEAR
28305.111820884402,98.24385708924878,10289.96828825703,-2.3732449735147734,287.0,TARGET_1_LINEAR
28403.449923796896,98.3381029124922,10287.90338936107,-2.0648988959599865,288.0,TARGET_1_LINEAR
28501.196592211076,97.74666841418026,10286.295992082392,-1.6073972786772148,289.0,TARGET_1_LINEAR
28599.078659188253,97.88206697717803,10284.522479638155,-1.7735124442375354,290.0,TARGET_1_LINEAR
28697.213838911874,98.13517972362054,10283.657244337039,-0.865235301115777,291.0,TARGET_1_LINEAR
28795.42176513752,98.20792622564393,10282.891297270444,-0.7659470665956425,292.0,TARGET_1_LINEAR
28893.445947003347,98.02418186582783,10281.785412456062,-1.1058848143815592,293.0,TARGET_1_LINEAR
28991.802263195794,98.35631619244553,10280.337094111317,-1.448318344745106,294.0,TARGET_1_LINEAR
29090.18720588313,98.3849426873333,10278.697712787865,-1.6393813234511527,295.0,TARGET_1_LINEAR
29188.76374050076,98.57653461763185,10277.19179630653,-1.5059164813363735,296.0,TARGET_1_LINEAR
29287.755291096095,98.99155059533501,10275.481873265651,-1.7099230408782722,297.0,TARGET_1_LINEAR
29386.638891717314,98.88360062121767,10273.380444738461,-2.101428527191195,298.0,TARGET_1_LINEAR
29485.3447750345,98.70588331718723,10271.429936408487,-1.9505083299732542,299.0,TARGET_1_LINEAR
9900.006666533334,-98.84451774168974,14999.00003333289,-3.3831146555997416,0.0,TARGET_2_MANEUVER
9800.05332906683,-98.6156017859393,14996.00053330489,-1.9654766304559868,1.0,TARGET_2_MANEUVER
9700.179967602777,-99.19990163868486,14991.00269967602,-3.1812069291073595,2.0,TARGET_2_MANEUVER
9600.426530154136,-100.8408544289173,14984.008531513096,-9.858451451884395,3.0,TARGET_2_MANEUVER
9500.83291676586,-102.16849690115899,14975.02082639013,-7.739275197449044,4.0,TARGET_2_MANEUVER
9401.438963555403,-98.29931510085554,14964.04317926933,-12.054597735257621,5.0,TARGET_2_MANEUVER
9302.284426778817,-98.60164668178399,14951.079981063185,-15.64254503537122,6.0,TARGET_2_MANEUVER
9203.40896692877,-95.05410036813745,14936.136416878135,-15.737988888461762,7.0,TARGET_2_MANEUVER
9104.85213287088,-98.2202770869048,14919.218463940608,-16.814307406734386,8.0,TARGET_2_MANEUVER
9006.653346024694,-97.28514393651909,14900.332889206209,-19.531107043087435,9.0,TARGET_2_MANEUVER
8908.851884595653,-98.77545661622852,14879.487246653029,-21.115759772382955,10.0,TARGET_2_MANEUVER
8811.486867864327,-94.31076074049041,14856.689874260148,-21.75213257348101,11.0,TARGET_2_MANEUVER
8714.597240539224,-94.24921787349223,14831.949890672566,-26.474878703862306,12.0,TARGET_2_MANEUVER
8618.22175717943,-97.58995106146496,14805.277191553854,-27.824245236560863,13.0,TARGET_2_MANEUVER
8522.398966693301,-95.45006154412755,14776.68244562803,-27.910733388427555,14.0,TARGET_2_MANEUVER
8427.16719691941,-97.4622387528163,14746.177090412204,-29.16233058242088,15.0,TARGET_2_MANEUVER
8332.564539295927,-94.5124784007031,14713.773327641731,-33.989030819002586,16.0,TARGET_2_MANEUVER
8238.628833624549,-95.10783893068374,14679.484118389675,-37.709708335307674,17.0,TARGET_2_MANEUVER
8145.397652935086,-91.63170768170815,14643.32317788255,-36.98206999051569,18.0,TARGET_2_MANEUVER
8052.908288456746,-94.04104074990008,14605.304970014426,-40.8844523889605,19.0,TARGET_2_MANEUVER
7961.1977347021475,-91.812571080166,14565.44470156154,-38.272513018022956,20.0,TARGET_2_MANEUVER
7870.302674670001,-90.86455334904173,14523.758316099817,-44.84866093627715,21.0,TARGET_2_MANEUVER
7780.259465172399,-89.97386434868143,14480.262487627624,-44.80389605117351,22.0,TARGET_2_MANEUVER
7691.104122292583,-92.74482224234076,14434.97461389642,-46.25935985392504,23.0,TARGET_2_MANEUVER
7602.872306978983,-88.10465798435027,14387.912809451864,-46.8982443132002,24.0,TARGET_2_MANEUVER
7515.599310781315,-84.00848382534696,14339.095898388248,-47.99816624005207,25.0,TARGET_2_MANEUVER
7429.320041734432,-86.17420117221464,14288.54340681912,-53.07338802842384,26.0,TARGET_2_MANEUVER
7344.069010395581,-80.8654713964668,14236.275555067079,-53.02979214106664,27.0,TARGET_2_MANEUVER
7259.8803160406305,-83.62537105364926,14182.313249575935,-54.838581309852394,28.0,TARGET_2_MANEUVER
7176.787633024822,-82.23643434981602,14126.67807454839,-56.680787957389484,29.0,TARGET_2_MANEUVER
7094.824197313473,-82.24833867657372,14069.392283312669,-58.92380446559113,30.0,TARGET_2_MANEUVER
7014.022793188038,-80.25870569375323,14010.47878942146,-60.534681292939894,31.0,TARGET_2_MANEUVER
6934.415740132828,-80.06849182375223,13949.961157486823,-61.152039855805576,32.0,TARGET_2_MANEUVER
6856.0348799076555,-78.13973770122404,13887.863593754639,-60.62331291897286,33.0,TARGET_2_MANEUVER
6778.911563811543,-80.46067344103832,13824.21093642244,-62.78450844588546,34.0,TARGET_2_MANEUVER
6703.076640142632,-73.31144512534303,13759.028645704473,-69.04855254575959,35.0,TARGET_2_MANEUVER
6628.560441859272,-74.36088726407928,13692.342793647938,-67.98595246180824,36.0,TARGET_2_MANEUVER
6555.392774447241,-74.5948686161672,13624.180053704524,-70.05886954244149,37.0,TARGET_2_MANEUVER
6483.602903997948,-72.75721756942643,13554.567690061383,-67.69953625490562,38.0,TARGET_2_MANEUVER
6413.219545502384,-68.26715334499531,13483.533546735824,-69.82827644746108,39.0,TARGET_2_MANEUVER
6344.270851365518,-67.13961263269644,13411.106036438065,-74.80816062951547,40.0,TARGET_2_MANEUVER
6276.7844001457015,-67.53306298355041,13337.314129206537,-73.7302501552441,41.0,TARGET_2_MANEUVER
6210.7871855236135,-67.07693852974306,13262.187340820257,-74.71475864426917,42.0,TARGET_2_MANEUVER
6146.305605505151,-64.07560251709518,13185.755720992898,-77.63611910122138,43.0,TARGET_2_MANEUVER
6083.365451862581,-61.094556874761146,13108.049841353319,-77.66629599551933,44.0,TARGET_2_MANEUVER
6021.991899818167,-61.12346491307484,13029.10078321731,-77.82116729859028,45.0,TARGET_2_MANEUVER
5962.209497974426,-60.60039749450961,12948.940125155488,-79.83190663009508,46.0,TARGET_2_MANEUVER
5904.042158495006,-56.46234672029303,12867.599930362281,-82.38347648907084,47.0,TARGET_2_MANEUVER
5847.513147540146,-55.21305514325849,12785.112733831083,-84.92640741377505,48.0,TARGET_2_MANEUVER
5792.645075960515,-52.644190058003545,12701.511529340694,-84.42445168545417,49.0,TARGET_2_MANEUVER
5739.4598902531825,-53.12067965594344,12616.829756258245,-83.637288356181,50.0,TARGET_2_MANEUVER
5687.978863783305,-51.6785412590919,12531.101286163888,-88.35311466887921,51.0,TARGET_2_MANEUVER
5638.222588275066,-51.22215194633853,12444.360409302633,-86.3265333074802,52.0,TARGET_2_MANEUVER
5590.210965575261,-49.05348044611835,12356.641820868696,-85.56358941551824,53.0,TARGET_2_MANEUVER
5543.963199692821,-48.48250625438324,12267.980607127884,-86.57605145370852,54.0,TARGET_2_MANEUVER
5499.497789117473,-43.25171842686721,12178.412231383556,-90.15511388545613,55.0,TARGET_2_MANEUVER
5456.832519420582,-42.57682902604915,12087.972519791787,-90.26464544006025,56.0,TARGET_2_MANEUVER
5415.984456141164,-39.9904049942645,11996.697647031362,-90.02535805415194,57.0,TARGET_2_MANEUVER
5376.969937959896,-37.92114096369503,11904.624121834404,-92.23514859860926,58.0,TARGET_2_MANEUVER
5339.804570163867,-36.78119376598805,11811.788772383363,-93.28932703230427,59.0,TARGET_2_MANEUVER
5376.969937959896,38.554185090026174,11904.624121834404,89.89534865181714,60.0,TARGET_2_MANEUVER
5415.984456141164,37.91167480746866,11996.697647031362,92.79520701821079,61.0,TARGET_2_MANEUVER
5456.832519420582,42.015748553027635,12087.972519791787,90.58737460705935,62.0,TARGET_2_MANEUVER
5499.497789117473,43.59589552726922,12178.412231383556,90.53141677569305,63.0,TARGET_2_MANEUVER
5543.963199692821,44.54997262209362,12267.980607127884,87.9532789180401,64.0,TARGET_2_MANEUVER
5590.210965575261,47.42660430002044,12356.641820868696,86.72822152207223,65.0,TARGET_2_MANEUVER
5638.222588275066,49.49958731962438,12444.360409302633,84.6816728281419,66.0,TARGET_2_MANEUVER
5687.978863783305,52.16575917926623,12531.101286163888,86.94931894795344,67.0,TARGET_2_MANEUVER
5739.4598902531825,52.720639726635696,12616.829756258245,86.6848386708546,68.0,TARGET_2_MANEUVER
5792.645075960515,56.52844225350776,12701.511529340694,85.66865357831689,69.0,TARGET_2_MANEUVER
5847.513147540146,52.9409433296242,12785.112733831083,81.13037159909354,70.0,TARGET_2_MANEUVER
5904.042158495006,56.41477074070209,12867.599930362281,81.95829340541611,71.0,TARGET_2_MANEUVER
5962.209497974426,59.75529103381345,12948.940125155488,79.66719432078128,72.0,TARGET_2_MANEUVER
6021.991899818167,60.86216581106184,13029.10078321731,78.42708760510666,73.0,TARGET_2_MANEUVER
6083.365451862581,61.24372012257846,13108.049841353319,76.22269931747606,74.0,TARGET_2_MANEUVER
6146.305605505151,62.33026455069161,13185.755720992898,75.04636098147247,75.0,TARGET_2_MANEUVER
6210.7871855236135,63.77993693693914,13262.187340820257,77.3647189844395,76.0,TARGET_2_MANEUVER
6276.7844001457015,65.32218425088284,13337.314129206537,78.41288509434206,77.0,TARGET_2_MANEUVER
6344.270851365518,68.96209758008263,13411.106036438065,73.39183715823194,78.0,TARGET_2_MANEUVER
6413.219545502384,68.38313426444468,13483.533546735824,72.7860739090658,79.0,TARGET_2_MANEUVER
6483.602903997948,70.22789706187102,13554.567690061383,70.51095664200909,80.0,TARGET_2_MANEUVER
6555.392774447241,76.32372788149367,13624.180053704524,68.7480546614682,81.0,TARGET_2_MANEUVER
6628.560441859272,75.57076586238728,13692.342793647938,66.37402652512571,82.0,TARGET_2_MANEUVER
6703.076640142632,75.12809017834402,13759.028645704473,68.59466815060063,83.0,TARGET_2_MANEUVER
6778.911563811543,75.54376814176716,13824.21093642244,67.14044156076454,84.0,TARGET_2_MANEUVER
6856.0348799076555,78.81889977827596,13887.863593754639,62.03560223800549,85.0,TARGET_2_MANEUVER
6934.415740132828,79.94783475831976,13949.961157486823,62.770516871783514,86.0,TARGET_2_MANEUVER
7014.022793188038,81.14229073175503,14010.47878942146,57.36420705640356,87.0,TARGET_2_MANEUVER
7094.824197313473,80.29713990251607,14069.392283312669,57.732238100403286,88.0,TARGET_2_MANEUVER
7176.787633024822,82.42191134731773,14126.67807454839,57.39525548582959,89.0,TARGET_2_MANEUVER
7259.8803160406305,83.91281649291855,14182.313249575935,52.799377141122235,90.0,TARGET_2_MANEUVER
7344.069010395581,85.29580787785054,14236.275555067079,54.03449841001411,91.0,TARGET_2_MANEUVER
7429.320041734432,86.61055380827895,14288.54340681912,53.03477025364327,92.0,TARGET_2_MANEUVER
7515.599310781315,88.03280119958832,14339.095898388248,50.376783903216364,93.0,TARGET_2_MANEUVER
7602.872306978983,87.65300762184928,14387.912809451864,45.45111246014635,94.0,TARGET_2_MANEUVER
7691.104122292583,89.34391960662728,14434.97461389642,46.48944908489299,95.0,TARGET_2_MANEUVER
7780.259465172399,90.01261800834557,14480.262487627624,42.47968783282154,96.0,TARGET_2_MANEUVER
7870.302674670001,88.85358151138394,14523.758316099817,44.17367578659935,97.0,TARGET_2_MANEUVER
7961.1977347021475,91.24956130044582,14565.44470156154,41.79829635201598,98.0,TARGET_2_MANEUVER
8052.908288456746,92.14857696448419,14605.304970014426,38.986468440108695,99.0,TARGET_2_MANEUVER
8145.397652935086,94.27388926661502,14643.32317788255,36.31797984897223,100.0,TARGET_2_MANEUVER
8238.628833624549,93.73386353320497,14679.484118389675,34.53401039445146,101.0,TARGET_2_MANEUVER
8332.564539295927,93.62372221168614,14713.773327641731,32.884951028878504,102.0,TARGET_2_MANEUVER
8427.16719691941,95.25674246569466,14746.177090412204,30.738533129116583,103.0,TARGET_2_MANEUVER
8522.398966693301,97.41728310092087,14776.68244562803,28.210109712804723,104.0,TARGET_2_MANEUVER
8618.22175717943,95.82523636483505,14805.277191553854,26.97596826900013,105.0,TARGET_2_MANEUVER
8714.597240539224,98.80946463998193,14831.949890672566,26.002887353982892,106.0,TARGET_2_MANEUVER
8811.486867864327,98.68156429440592,14856.689874260148,21.541922083158017,107.0,TARGET_2_MANEUVER
8908.851884595653,97.99032033186445,14879.487246653029,23.157408501522102,108.0,TARGET_2_MANEUVER
9006.653346024694,98.1300837680373,14900.332889206209,21.46515364210416,109.0,TARGET_2_MANEUVER
9104.85213287088,97.60843660366159,14919.218463940608,20.016978502860795,110.0,TARGET_2_MANEUVER
9203.40896692877,102.17107552299157,14936.136416878135,15.387562820765115,111.0,TARGET_2_MANEUVER
9302.284426778817,98.35334583916256,14951.079981063185,16.134388180100206,112.0,TARGET_2_MANEUVER
9401.438963555403,101.65022180398269,14964.04317926933,11.186930688162036,113.0,TARGET_2_MANEUVER
9500.83291676586,98.87013630215878,14975.02082639013,9.560664751392057,114.0,TARGET_2_MANEUVER
9600.426530154136,97.66349486371053,14984.008531513096,6.613491477190972,115.0,TARGET_2_MANEUVER
9700.179967602777,98.31384284339232,14991.00269967602,4.8447043002882655,116.0,TARGET_2_MANEUVER
9800.05332906683,99.86798333501763,14996.00053330489,4.350255517468194,117.0,TARGET_2_MANEUVER
9900.006666533334,102.3057514058789,14999.00003333289,0.5023356082251171,118.0,TARGET_2_MANEUVER
10000.0,101.47648359771487,15000.0,-0.32098326633826957,119.0,TARGET_2_MANEUVER
9900.006666533334,-100.05419623113642,14999.00003333289,-0.987637431083398,120.0,TARGET_2_MANEUVER
9800.05332906683,-101.60409369844125,14996.00053330489,-3.4253187993873375,121.0,TARGET_2_MANEUVER
9700.179967602777,-99.57037568120083,14991.00269967602,-5.257723751932235,122.0,TARGET_2_MANEUVER
9600.426530154136,-99.24641766440021,14984.008531513096,-4.308519187050928,123.0,TARGET_2_MANEUVER
9500.83291676586,-100.45702650417954,14975.02082639013,-10.779837097185546,124.0,TARGET_2_MANEUVER
9401.438963555403,-100.21557437502378,14964.04317926933,-12.804436407632322,125.0,TARGET_2_MANEUVER
9302.284426778817,-99.9776803122235,14951.079981063185,-12.170786667762329,126.0,TARGET_2_MANEUVER
9203.40896692877,-96.59197196557791,14936.136416878135,-16.787940102048818,127.0,TARGET_2_MANEUVER
9104.85213287088,-99.6329026384685,14919.218463940608,-17.19583400800282,128.0,TARGET_2_MANEUVER
9006.653346024694,-98.83499235054562,14900.332889206209,-18.917535352872868,129.0,TARGET_2_MANEUVER
8908.851884595653,-97.2853604017836,14879.487246653029,-24.096578480582796,130.0,TARGET_2_MANEUVER
8811.486867864327,-94.81253968320787,14856.689874260148,-21.076446133070192,131.0,TARGET_2_MANEUVER
8714.597240539224,-97.5581808491779,14831.949890672566,-26.289607529119504,132.0,TARGET_2_MANEUVER
8618.22175717943,-95.67674574498973,14805.277191553854,-27.133879671430854,133.0,TARGET_2_MANEUVER
8522.398966693301,-94.54583250355135,14776.68244562803,-26.536713857984452,134.0,TARGET_2_MANEUVER
8427.16719691941,-95.18896264948516,14746.177090412204,-32.65410192841948,135.0,TARGET_2_MANEUVER
8332.564539295927,-96.34444539485641,14713.773327641731,-34.44510427399434,136.0,TARGET_2_MANEUVER
8238.628833624549,-93.63937282710418,14679.484118389675,-32.535586532232344,137.0,TARGET_2_MANEUVER
8145.397652935086,-93.64288050620527,14643.32317788255,-36.75636501383995,138.0,TARGET_2_MANEUVER
8052.908288456746,-92.13073374439763,14605.304970014426,-37.15924432069295,139.0,TARGET_2_MANEUVER
7961.1977347021475,-87.51849539242038,14565.44470156154,-41.57234846533753,140.0,TARGET_2_MANEUVER
7870.302674670001,-91.20932548577366,14523.758316099817,-41.027705190996386,141.0,TARGET_2_MANEUVER
7780.259465172399,-88.58241251811305,14480.262487627624,-41.624749707947956,142.0,TARGET_2_MANEUVER
7691.104122292583,-87.82359999993946,14434.97461389642,-46.71685569032891,143.0,TARGET_2_MANEUVER
7602.872306978983,-86.87227394299879,14387.912809451864,-46.27949848954597,144.0,TARGET_2_MANEUVER
7515.599310781315,-85.55119469596892,14339.095898388248,-48.927102737712765,145.0,TARGET_2_MANEUVER
7429.320041734432,-84.17085610199865,14288.54340681912,-49.65965577964283,146.0,TARGET_2_MANEUVER
7344.069010395581,-82.6522726147853,14236.275555067079,-52.14555496070391,147.0,TARGET_2_MANEUVER
7259.8803160406305,-83.89694211199397,14182.313249575935,-54.5823231495374,148.0,TARGET_2_MANEUVER
7176.787633024822,-80.72379804120526,14126.67807454839,-57.689650845984424,149.0,TARGET_2_MANEUVER
7094.824197313473,-80.83483570294402,14069.392283312669,-58.69352427222159,150.0,TARGET_2_MANEUVER
7014.022793188038,-80.166458554027,14010.47878942146,-57.801866342328296,151.0,TARGET_2_MANEUVER
6934.415740132828,-78.71257454770662,13949.961157486823,-61.2420303751092,152.0,TARGET_2_MANEUVER
6856.0348799076555,-79.79705608656263,13887.863593754639,-61.75992205280606,153.0,TARGET_2_MANEUVER
6778.911563811543,-75.5159924567372,13824.21093642244,-61.176886638810956,154.0,TARGET_2_MANEUVER
6703.076640142632,-75.64224026651897,13759.028645704473,-65.60974170565146,155.0,TARGET_2_MANEUVER
6628.560441859272,-73.47278034739263,13692.342793647938,-65.06261124316934,156.0,TARGET_2_MANEUVER
6555.392774447241,-72.6265443726709,13624.180053704524,-68.47361222239967,157.0,TARGET_2_MANEUVER
6483.602903997948,-70.17950903665287,13554.567690061383,-70.04802823530652,158.0,TARGET_2_MANEUVER
6413.219545502384,-70.34032135654229,13483.533546735824,-71.44447410060486,159.0,TARGET_2_MANEUVER
6344.270851365518,-66.61167310397164,13411.106036438065,-74.65435592180623,160.0,TARGET_2_MANEUVER
6276.7844001457015,-66.54682807291044,13337.314129206537,-75.51449321949472,161.0,TARGET_2_MANEUVER
6210.7871855236135,-63.45117687301787,13262.187340820257,-78.06903664670341,162.0,TARGET_2_MANEUVER
6146.305605505151,-64.55349719076536,13185.755720992898,-76.5080700773002,163.0,TARGET_2_MANEUVER
6083.365451862581,-59.812710783214875,13108.049841353319,-78.43131635435788,164.0,TARGET_2_MANEUVER
6021.991899818167,-61.41481495438602,13029.10078321731,-76.73842639947577,165.0,TARGET_2_MANEUVER
5962.209497974426,-61.150823353734125,12948.940125155488,-84.0540189754416,166.0,TARGET_2_MANEUVER
5904.042158495006,-56.69197693216561,12867.599930362281,-82.67223816662879,167.0,TARGET_2_MANEUVER
5847.513147540146,-57.234103902317734,12785.112733831083,-81.98720237824806,168.0,TARGET_2_MANEUVER
5792.645075960515,-53.6645295161571,12701.511529340694,-84.99321642689479,169.0,TARGET_2_MANEUVER
5739.4598902531825,-54.25705172317122,12616.829756258245,-83.90211620251611,170.0,TARGET_2_MANEUVER
5687.978863783305,-49.64672395633978,12531.101286163888,-86.38918652000295,171.0,TARGET_2_MANEUVER
5638.222588275066,-46.11725269198118,12444.360409302633,-88.8406753839879,172.0,TARGET_2_MANEUVER
5590.210965575261,-49.42112417376103,12356.641820868696,-89.23364279331665,173.0,TARGET_2_MANEUVER
5543.963199692821,-45.4279911670909,12267.980607127884,-88.75572683215954,174.0,TARGET_2_MANEUVER
5499.497789117473,-43.93009871445563,12178.412231383556,-89.4819611228791,175.0,TARGET_2_MANEUVER
5456.832519420582,-43.63675953212139,12087.972519791787,-88.69770270547848,176.0,TARGET_2_MANEUVER
5415.984456141164,-40.05717970821608,11996.697647031362,-90.00436712979453,177.0,TARGET_2_MANEUVER
5376.969937959896,-37.57839441712153,11904.624121834404,-91.7754714120714,178.0,TARGET_2_MANEUVER
5339.804570163867,-35.38112452731896,11811.788772383363,-92.5323457566967,179.0,TARGET_2_MANEUVER
5376.969937959896,39.0565665764894,11904.624121834404,94.45433003600073,180.0,TARGET_2_MANEUVER
5415.984456141164,40.22873469517943,11996.697647031362,92.7438165135595,181.0,TARGET_2_MANEUVER
5456.832519420582,41.62484685440488,12087.972519791787,93.02352543476258,182.0,TARGET_2_MANEUVER
5499.497789117473,42.55365617458223,12178.412231383556,92.71145486701677,183.0,TARGET_2_MANEUVER
5543.963199692821,45.299375216591145,12267.980607127884,86.9745733529665,184.0,TARGET_2_MANEUVER
5590.210965575261,47.32499303974011,12356.641820868696,87.17420320228246,185.0,TARGET_2_MANEUVER
5638.222588275066,50.14817350953576,12444.360409302633,86.25661226554507,186.0,TARGET_2_MANEUVER
5687.978863783305,49.952750573455596,12531.101286163888,83.40611162791559,187.0,TARGET_2_MANEUVER
5739.4598902531825,51.65813564629127,12616.829756258245,81.5749832049929,188.0,TARGET_2_MANEUVER
5792.645075960515,51.65437635158531,12701.511529340694,85.28772046500615,189.0,TARGET_2_MANEUVER
5847.513147540146,56.880954914597915,12785.112733831083,83.68792339187453,190.0,TARGET_2_MANEUVER
5904.042158495006,55.90153439255179,12867.599930362281,81.84758979588689,191.0,TARGET_2_MANEUVER
5962.209497974426,58.97339869447391,12948.940125155488,79.01826300672266,192.0,TARGET_2_MANEUVER
6021.991899818167,62.837113116996946,13029.10078321731,80.87620543950015,193.0,TARGET_2_MANEUVER
6083.365451862581,61.829550566321885,13108.049841353319,78.37301972124018,194.0,TARGET_2_MANEUVER
6146.305605505151,64.0276886317793,13185.755720992898,74.01128558726055,195.0,TARGET_2_MANEUVER
6210.7871855236135,64.87298074262424,13262.187340820257,74.76127991753106,196.0,TARGET_2_MANEUVER
6276.7844001457015,65.24385256928838,13337.314129206537,74.04266155775704,197.0,TARGET_2_MANEUVER
6344.270851365518,70.91865051903558,13411.106036438065,74.07584726459015,198.0,TARGET_2_MANEUVER
6413.219545502384,68.8139024500423,13483.533546735824,72.59448326198655,199.0,TARGET_2_MANEUVER
6483.602903997948,73.19038695610669,13554.567690061383,71.71489244441021,200.0,TARGET_2_MANEUVER
6555.392774447241,72.57304662897073,13624.180053704524,67.92173934449681,201.0,TARGET_2_MANEUVER
6628.560441859272,74.89419084337914,13692.342793647938,68.01901924094717,202.0,TARGET_2_MANEUVER
6703.076640142632,76.52336274413106,13759.028645704473,66.89122489967032,203.0,TARGET_2_MANEUVER
6778.911563811543,78.0585478014278,13824.21093642244,63.6189159064283,204.0,TARGET_2_MANEUVER
6856.0348799076555,79.73336297354425,13887.863593754639,63.17570180888549,205.0,TARGET_2_MANEUVER
6934.415740132828,82.11211445867438,13949.961157486823,60.27790347020907,206.0,TARGET_2_MANEUVER
7014.022793188038,82.8135214931771,14010.47878942146,60.01641031143321,207.0,TARGET_2_MANEUVER
7094.824197313473,80.41071866083169,14069.392283312669,57.377687302649065,208.0,TARGET_2_MANEUVER
7176.787633024822,82.05304052867632,14126.67807454839,57.10049625910645,209.0,TARGET_2_MANEUVER
7259.8803160406305,84.43051822357192,14182.313249575935,53.94184367327952,210.0,TARGET_2_MANEUVER
7344.069010395581,84.68897921295012,14236.275555067079,56.33202533000617,211.0,TARGET_2_MANEUVER
7429.320041734432,88.36218289153345,14288.54340681912,52.06808466982239,212.0,TARGET_2_MANEUVER
7515.599310781315,86.83892318501726,14339.095898388248,49.8680607744511,213.0,TARGET_2_MANEUVER
7602.872306978983,88.67853314813289,14387.912809451864,46.408365012622724,214.0,TARGET_2_MANEUVER
7691.104122292583,88.31342747179337,14434.97461389642,43.675041443331935,215.0,TARGET_2_MANEUVER
7780.259465172399,90.20408443646043,14480.262487627624,45.36560460610612,216.0,TARGET_2_MANEUVER
7870.302674670001,89.75038662854726,14523.758316099817,44.95492665153504,217.0,TARGET_2_MANEUVER
7961.1977347021475,89.47024553672729,14565.44470156154,38.579482985642315,218.0,TARGET_2_MANEUVER
8052.908288456746,92.44277712812845,14605.304970014426,40.51248168478331,219.0,TARGET_2_MANEUVER
8145.397652935086,95.39235509483782,14643.32317788255,36.40372054699488,220.0,TARGET_2_MANEUVER
8238.628833624549,95.20770361794042,14679.484118389675,35.16966062325796,221.0,TARGET_2_MANEUVER
8332.564539295927,94.01652560292338,14713.773327641731,34.67419912031147,222.0,TARGET_2_MANEUVER
8427.16719691941,95.90202612586421,14746.177090412204,29.092067826135427,223.0,TARGET_2_MANEUVER
8522.398966693301,97.74845943714944,14776.68244562803,31.622157697355156,224.0,TARGET_2_MANEUVER
8618.22175717943,95.16719977881279,14805.277191553854,28.229270156567505,225.0,TARGET_2_MANEUVER
8714.597240539224,97.38004309287544,14831.949890672566,26.09906583795139,226.0,TARGET_2_MANEUVER
8811.486867864327,96.30833975443483,14856.689874260148,22.7628275908064,227.0,TARGET_2_MANEUVER
8908.851884595653,97.5514138265734,14879.487246653029,23.582055836975993,228.0,TARGET_2_MANEUVER
9006.653346024694,98.8220580160158,14900.332889206209,19.311011581376974,229.0,TARGET_2_MANEUVER
9104.85213287088,99.54191734478466,14919.218463940608,13.630143411637313,230.0,TARGET_2_MANEUVER
9203.40896692877,100.44587688812085,14936.136416878135,13.322249993257454,231.0,TARGET_2_MANEUVER
9302.284426778817,98.47793820915902,14951.079981063185,12.27480662248444,232.0,TARGET_2_MANEUVER
9401.438963555403,97.33884137180527,14964.04317926933,13.712460909959718,233.0,TARGET_2_MANEUVER
9500.83291676586,98.79886472583473,14975.02082639013,10.503097487278891,234.0,TARGET_2_MANEUVER
9600.426530154136,99.60978976194316,14984.008531513096,8.707030637751952,235.0,TARGET_2_MANEUVER
9700.179967602777,99.9352868301108,14991.00269967602,4.071912311661604,236.0,TARGET_2_MANEUVER
9800.05332906683,101.4144108952685,14996.00053330489,3.2582985439214447,237.0,TARGET_2_MANEUVER
9900.006666533334,97.64512781866814,14999.00003333289,1.3576939278844349,238.0,TARGET_2_MANEUVER
10000.0,102.25113968595147,15000.0,1.2753326131702332,239.0,TARGET_2_MANEUVER
9900.006666533334,-100.50297886826957,14999.00003333289,-2.523753225810947,240.0,TARGET_2_MANEUVER
9800.05332906683,-100.40246324292387,14996.00053330489,-0.883811443322152,241.0,TARGET_2_MANEUVER
9700.179967602777,-99.24715081517309,14991.00269967602,-5.351338177157854,242.0,TARGET_2_MANEUVER
9600.426530154136,-98.13474544921418,14984.008531513096,-7.633285658377499,243.0,TARGET_2_MANEUVER
9500.83291676586,-99.88897974653362,14975.02082639013,-10.277866438310285,244.0,TARGET_2_MANEUVER
9401.438963555403,-99.38826547450772,14964.04317926933,-12.027054083656703,245.0,TARGET_2_MANEUVER
9302.284426778817,-97.93015530580824,14951.079981063185,-13.876392635712707,246.0,TARGET_2_MANEUVER
9203.40896692877,-97.62376822173933,14936.136416878135,-16.052895531587478,247.0,TARGET_2_MANEUVER
9104.85213287088,-98.26641649333801,14919.218463940608,-20.900258369380587,248.0,TARGET_2_MANEUVER
9006.653346024694,-96.63216627207044,14900.332889206209,-19.347200365659145,249.0,TARGET_2_MANEUVER
8908.851884595653,-96.09272976827108,14879.487246653029,-26.16734537537748,250.0,TARGET_2_MANEUVER
8811.486867864327,-94.00123542803188,14856.689874260148,-23.979647084946237,251.0,TARGET_2_MANEUVER
8714.597240539224,-94.97672358834505,14831.949890672566,-27.267914079903825,252.0,TARGET_2_MANEUVER
8618.22175717943,-95.18638297348323,14805.277191553854,-29.215688201171876,253.0,TARGET_2_MANEUVER
8522.398966693301,-96.4693023536043,14776.68244562803,-26.6809736353338,254.0,TARGET_2_MANEUVER
8427.16719691941,-95.2095654093891,14746.177090412204,-31.130506751842216,255.0,TARGET_2_MANEUVER
8332.564539295927,-92.97036495680149,14713.773327641731,-32.605186382122554,256.0,TARGET_2_MANEUVER
8238.628833624549,-93.36405401007812,14679.484118389675,-34.67998182380968,257.0,TARGET_2_MANEUVER
8145.397652935086,-89.2613401797936,14643.32317788255,-37.17847513684867,258.0,TARGET_2_MANEUVER
8052.908288456746,-91.80445083021606,14605.304970014426,-37.36585263685366,259.0,TARGET_2_MANEUVER
7961.1977347021475,-89.65060513179382,14565.44470156154,-38.99549984761648,260.0,TARGET_2_MANEUVER
7870.302674670001,-89.51707098895255,14523.758316099817,-44.30845387569572,261.0,TARGET_2_MANEUVER
7780.259465172399,-87.15510245410087,14480.262487627624,-46.11432878608004,262.0,TARGET_2_MANEUVER
7691.104122292583,-88.24553908006985,14434.97461389642,-47.30933132917736,263.0,TARGET_2_MANEUVER
7602.872306978983,-87.85446370892674,14387.912809451864,-47.449410244965115,264.0,TARGET_2_MANEUVER
7515.599310781315,-86.29988214458956,14339.095898388248,-49.055132653020785,265.0,TARGET_2_MANEUVER
7429.320041734432,-83.35030123279442,14288.54340681912,-50.73329771304037,266.0,TARGET_2_MANEUVER
7344.069010395581,-85.09174605427756,14236.275555067079,-51.67248903965584,267.0,TARGET_2_MANEUVER
7259.8803160406305,-81.86205925813172,14182.313249575935,-56.64380540189288,268.0,TARGET_2_MANEUVER
7176.787633024822,-81.63746138619301,14126.67807454839,-55.412488226037226,269.0,TARGET_2_MANEUVER
7094.824197313473,-81.83419092129336,14069.392283312669,-56.039955833763116,270.0,TARGET_2_MANEUVER
7014.022793188038,-80.43465916897803,14010.47878942146,-59.53117945603193,271.0,TARGET_2_MANEUVER
6934.415740132828,-79.25883088616229,13949.961157486823,-61.28831662597122,272.0,TARGET_2_MANEUVER
6856.0348799076555,-79.40168450543555,13887.863593754639,-65.03937872573833,273.0,TARGET_2_MANEUVER
6778.911563811543,-74.09246113361135,13824.21093642244,-65.69221074624664,274.0,TARGET_2_MANEUVER
6703.076640142632,-76.66766143827392,13759.028645704473,-69.16855236755293,275.0,TARGET_2_MANEUVER
6628.560441859272,-74.80529849449302,13692.342793647938,-69.4134258529258,276.0,TARGET_2_MANEUVER
6555.392774447241,-70.02057833388592,13624.180053704524,-67.37741887704122,277.0,TARGET_2_MANEUVER
6483.602903997948,-72.12357931899427,13554.567690061383,-66.9492882120246,278.0,TARGET_2_MANEUVER
6413.219545502384,-68.1980227042291,13483.533546735824,-72.22285616521525,279.0,TARGET_2_MANEUVER
6344.270851365518,-71.97122930107166,13411.106036438065,-69.67816911380352,280.0,TARGET_2_MANEUVER
6276.7844001457015,-68.83064128427614,13337.314129206537,-76.93241011752131,281.0,TARGET_2_MANEUVER
6210.7871855236135,-63.709891168390676,13262.187340820257,-72.12462768001883,282.0,TARGET_2_MANEUVER
6146.305605505151,-61.63870519209219,13185.755720992898,-76.22802420981844,283.0,TARGET_2_MANEUVER
6083.365451862581,-61.26886531456846,13108.049841353319,-77.05256762457793,284.0,TARGET_2_MANEUVER
6021.991899818167,-59.44362277966607,13029.10078321731,-79.13837486768259,285.0,TARGET_2_MANEUVER
5962.209497974426,-58.82250084718195,12948.940125155488,-80.84969973236076,286.0,TARGET_2_MANEUVER
5904.042158495006,-58.48294549054562,12867.599930362281,-82.34016944540002,287.0,TARGET_2_MANEUVER
5847.513147540146,-58.24168989791474,12785.112733831083,-83.19724648938922,288.0,TARGET_2_MANEUVER
5792.645075960515,-55.51311724754028,12701.511529340694,-85.80248245661335,289.0,TARGET_2_MANEUVER
5739.4598902531825,-52.06675389843467,12616.829756258245,-83.12279876541943,290.0,TARGET_2_MANEUVER
5687.978863783305,-49.2445508142743,12531.101286163888,-88.59617362976864,291.0,TARGET_2_MANEUVER
5638.222588275066,-50.37165039090818,12444.360409302633,-85.82439145251634,292.0,TARGET_2_MANEUVER
5590.210965575261,-48.60656750768139,12356.641820868696,-88.53273041349031,293.0,TARGET_2_MANEUVER
5543.963199692821,-44.53453399402083,12267.980607127884,-90.57325268843903,294.0,TARGET_2_MANEUVER
5499.497789117473,-43.41018136845219,12178.412231383556,-92.01108246002785,295.0,TARGET_2_MANEUVER
5456.832519420582,-42.66150186176254,12087.972519791787,-90.38367671037456,296.0,TARGET_2_MANEUVER
5415.984456141164,-42.323443540924735,11996.697647031362,-91.01959877023613,297.0,TARGET_2_MANEUVER
5376.969937959896,-38.12193913507811,11904.624121834404,-91.63186630917636,298.0,TARGET_2_MANEUVER
5339.804570163867,-35.89990424657027,11811.788772383363,-91.1576979517619,299.0,TARGET_2_MANEUVER
