time,sensor,local_track_id,true_target,x,y,vx,vy,track_quality,sigma_pos_m,sigma_vel_mps
3.13,RADAR_A,RADAR_A-T6495,TARGET_1_LINEAR,615.448538380074,193.15237137777314,119.83841660551258,41.79982399700137,13,52.46035864770422,0.8743393107950702
3.8,RADAR_A,RADAR_A-T5933,TARGET_2_MANEUVER,28098.41321236909,20445.589861440785,-16.52088459720491,153.2928857890474,9,160.417320008009,2.6736220001334834
5.04,RADAR_A,RADAR_A-T6495,TARGET_1_LINEAR,779.7433278459487,196.37022841614152,121.55452600246136,40.12166567081948,12,69.3723258961401,1.1562054316023351
5.73,RADAR_A,RADAR_A-T5933,TARGET_2_MANEUVER,27786.18424114101,21148.66700047699,-16.96293090655107,146.94860860259678,10,121.30990322456422,2.021831720409404
6.29,RADAR_B,RADAR_B-T5063,TARGET_1_LINEAR,979.3457721159261,98.17500366406142,125.2573573791617,44.88139655705886,9,160.417320008009,2.6736220001334834
7.58,RADAR_A,RADAR_A-T6495,TARGET_1_LINEAR,990.4713037665474,463.22720639979445,118.71103947215047,40.33946472693554,13,52.46035864770422,0.8743393107950702
7.59,RADAR_A,RADAR_A-T5933,TARGET_2_MANEUVER,27929.864179577038,21344.288788739777,-23.18272797733221,149.09782865228814,13,52.46035864770422,0.8743393107950702
9.36,RADAR_A,RADAR_A-T6495,TARGET_1_LINEAR,1194.4685737355378,422.6066293692151,118.7704412152581,38.846471298524705,14,39.671283813750286,0.6611880635625048
11.38,RADAR_A,RADAR_A-T3964,TARGET_2_MANEUVER,27775.329956952643,21833.151873957373,-31.880797172625634,146.76443277934288,14,39.671283813750286,0.6611880635625048
11.53,RADAR_A,RADAR_A-T6495,TARGET_1_LINEAR,1423.6714265615506,495.05157912890394,122.74163985485987,37.8026005742573,12,69.3723258961401,1.1562054316023351
11.76,RADAR_B,RADAR_B-T5063,TARGET_1_LINEAR,1775.1532244411972,591.3456803822561,121.07786258212924,34.14533693981912,10,121.30990322456422,2.021831720409404
12.29,RADAR_C,RADAR_C-T4074,TARGET_1_LINEAR,2327.185942827792,572.6276475759722,126.13484775558337,43.2643939656699,5,490.536420678438,8.1756070113073
13.22,RADAR_A,RADAR_A-T3964,TARGET_2_MANEUVER,27741.587949130404,22161.12939271969,-40.4092462381543,145.63561618253195,14,39.671283813750286,0.6611880635625048
13.5,RADAR_B,RADAR_B-T2174,TARGET_2_MANEUVER,27775.432657089354,22099.817518331838,-40.102115384524744,146.43096149993562,12,69.3723258961401,1.1562054316023351
14.02,RADAR_A,RADAR_A-T6495,TARGET_1_LINEAR,1844.553402191688,577.3147501974745,117.86038430170076,39.49379823835381,14,39.671283813750286,0.6611880635625048
15.83,RADAR_A,RADAR_A-T3964,TARGET_2_MANEUVER,27658.57226862631,22447.563839465653,-47.3270688374002,143.6319865774395,13,52.46035864770422,0.8743393107950702
16.01,RADAR_B,RADAR_B-T5063,TARGET_1_LINEAR,2077.053161302474,694.2744451856429,117.45968799774602,43.96665309372086,10,121.30990322456422,2.021831720409404
16.07,RADAR_A,RADAR_A-T6495,TARGET_1_LINEAR,2064.115750886158,602.1451066193401,117.91132350703282,38.39051735103658,12,69.3723258961401,1.1562054316023351
16.33,RADAR_C,RADAR_C-T6204,TARGET_2_MANEUVER,27601.172206149102,22732.380858591296,-44.49726622963947,140.24145126786303,9,160.417320008009,2.6736220001334834
18.01,RADAR_A,RADAR_A-T6495,TARGET_1_LINEAR,2250.4374818971864,763.435526028243,117.93912413014736,38.55339884412155,13,52.46035864770422,0.8743393107950702
18.07,RADAR_A,RADAR_A-T3964,TARGET_2_MANEUVER,27400.114866447122,22761.239039577,-50.65984382735149,140.66789967323993,12,69.3723258961401,1.1562054316023351
18.43,RADAR_B,RADAR_B-T2174,TARGET_2_MANEUVER,27541.771106503493,22837.632700168764,-52.24581070022421,143.1055201797914,9,160.417320008009,2.6736220001334834
20.01,RADAR_A,RADAR_A-T3964,TARGET_2_MANEUVER,27409.69669373099,22970.202896396237,-58.96439369924732,141.74420202166795,14,39.671283813750286,0.6611880635625048
20.52,RADAR_A,RADAR_A-T6495,TARGET_1_LINEAR,2621.155669497545,912.1420134891476,117.80486641342432,39.3789360740135,13,52.46035864770422,0.8743393107950702
21.15,RADAR_B,RADAR_B-T5063,TARGET_1_LINEAR,2556.078817071803,911.2988152466418,113.11824528959903,42.38390110303629,8,212.13203435596427,3.5355339059327378
22.0,RADAR_A,RADAR_A-T3964,TARGET_2_MANEUVER,27236.447374933043,23350.596386294976,-61.36384305459028,135.414917479087,13,52.46035864770422,0.8743393107950702
22.65,RADAR_A,RADAR_A-T6495,TARGET_1_LINEAR,2856.3021319828918,932.001057220086,118.60095670773087,37.038900024063125,13,52.46035864770422,0.8743393107950702
23.68,RADAR_A,RADAR_A-T3964,TARGET_2_MANEUVER,27260.953354844758,23535.491035030747,-68.30840856744857,135.1083788831323,12,69.3723258961401,1.1562054316023351
24.07,RADAR_B,RADAR_B-T2174,TARGET_2_MANEUVER,27362.17720850977,23509.044101950054,-69.75287033785149,136.3610845568126,10,121.30990322456422,2.021831720409404
24.7,RADAR_A,RADAR_A-T6495,TARGET_1_LINEAR,2971.3908741042164,842.603587968973,117.71510071748305,36.31016658073006,12,69.3723258961401,1.1562054316023351
25.01,RADAR_C,RADAR_C-T4074,TARGET_1_LINEAR,3056.0511089518955,1037.470754573915,112.46035657304358,29.554308771310097,8,212.13203435596427,3.5355339059327378
25.7,RADAR_A,RADAR_A-T3964,TARGET_2_MANEUVER,27039.2730678461,23785.905987351125,-72.49257728035074,131.2638792151018,13,52.46035864770422,0.8743393107950702
26.93,RADAR_A,RADAR_A-T6495,TARGET_1_LINEAR,3376.674559773329,1052.505944057869,118.70648751801627,38.602803933344056,13,52.46035864770422,0.8743393107950702
27.23,RADAR_B,RADAR_B-T5063,TARGET_1_LINEAR,3509.2340198964157,915.8067797913297,121.34193546027836,38.613728114433044,8,212.13203435596427,3.5355339059327378
27.58,RADAR_A,RADAR_A-T3964,TARGET_2_MANEUVER,27004.560313344107,24072.10639153274,-76.41659274037161,131.18825865660378,12,69.3723258961401,1.1562054316023351
27.84,RADAR_B,RADAR_B-T2174,TARGET_2_MANEUVER,26724.20762811075,24402.67180826542,-79.02793165679442,123.2472507785152,8,212.13203435596427,3.5355339059327378
28.56,RADAR_A,RADAR_A-T6495,TARGET_1_LINEAR,3528.222841110366,1102.7026616795633,116.85417503182923,36.07073344290922,12,69.3723258961401,1.1562054316023351
29.44,RADAR_A,RADAR_A-T3964,TARGET_2_MANEUVER,26673.742999049566,24305.61677438213,-82.69762129213012,126.2062609677716,13,52.46035864770422,0.8743393107950702
30.2,RADAR_A,RADAR_A-T6495,TARGET_1_LINEAR,3661.6375405305694,1101.2194649271655,120.4803657914053,36.53768587239595,12,69.3723258961401,1.1562054316023351
31.33,RADAR_C,RADAR_C-T6204,TARGET_2_MANEUVER,26690.880863840306,24371.90539427418,-88.6041892747327,126.3446609536268,7,280.51833803078955,4.6753056338464924
31.49,RADAR_A,RADAR_A-T3964,TARGET_2_MANEUVER,26591.313808552324,24544.89470701022,-86.4608912102753,123.29251846265295,14,39.671283813750286,0.6611880635625048
31.86,RADAR_B,RADAR_B-T5063,TARGET_1_LINEAR,3975.285092418205,1309.274126002139,119.23324984391266,39.75856204298649,12,69.3723258961401,1.1562054316023351
31.91,RADAR_B,RADAR_B-T2174,TARGET_2_MANEUVER,26425.81476696847,24494.443282638647,-87.26357083037335,122.83485120164848,10,121.30990322456422,2.021831720409404
32.46,RADAR_A,RADAR_A-T6495,TARGET_1_LINEAR,3987.358827695874,1192.986868889401,119.01309117326635,35.99178013278202,13,52.46035864770422,0.8743393107950702
33.56,RADAR_A,RADAR_A-T3964,TARGET_2_MANEUVER,26379.850150399485,24963.49978719808,-91.89573536122214,121.04772102254044,13,52.46035864770422,0.8743393107950702
34.46,RADAR_A,RADAR_A-T6495,TARGET_1_LINEAR,4286.618059994665,1354.5034333003402,118.4530795766522,38.80871769220915,12,69.3723258961401,1.1562054316023351
35.38,RADAR_A,RADAR_A-T3964,TARGET_2_MANEUVER,26184.038274817558,25042.41489684602,-93.31441121756555,113.95167676822845,14,39.671283813750286,0.6611880635625048
36.05,RADAR_B,RADAR_B-T5063,TARGET_1_LINEAR,4377.7440920389745,1524.997642419873,119.22270586185512,45.577149430970614,8,212.13203435596427,3.5355339059327378
36.08,RADAR_C,RADAR_C-T4074,TARGET_1_LINEAR,4436.993850351405,1464.5555636730323,120.30252943406713,37.41963888916228,8,212.13203435596427,3.5355339059327378
36.26,RADAR_A,RADAR_A-T6495,TARGET_1_LINEAR,4504.133431162281,1494.693018212988,118.06973272482571,38.644008598717726,12,69.3723258961401,1.1562054316023351
37.54,RADAR_B,RADAR_B-T2174,TARGET_2_MANEUVER,25931.10436349979,25360.73600313779,-101.71233437767489,112.33529434402688,9,160.417320008009,2.6736220001334834
39.05,RADAR_A,RADAR_A-T6495,TARGET_1_LINEAR,4859.932702678865,1543.0720883538681,116.79602423642439,39.16415641620872,14,39.671283813750286,0.6611880635625048
39.43,RADAR_A,RADAR_A-T7034,TARGET_2_MANEUVER,25825.547667566632,25464.660761973646,-102.00683798349135,108.7169387433206,13,52.46035864770422,0.8743393107950702
40.22,RADAR_C,RADAR_C-T6204,TARGET_2_MANEUVER,26220.829245820198,25749.838991958448,-114.57525279459524,109.62810014025985,6,370.9507534326998,6.1825125572116635
40.29,RADAR_A,RADAR_A-T6495,TARGET_1_LINEAR,4912.283601093482,1599.105570995947,116.10107556634131,37.05991947719979,12,69.3723258961401,1.1562054316023351
41.18,RADAR_B,RADAR_B-T5063,TARGET_1_LINEAR,4950.442835970228,1462.8186690024556,117.25947144595278,38.80727510140989,9,160.417320008009,2.6736220001334834
41.22,RADAR_A,RADAR_A-T7034,TARGET_2_MANEUVER,25686.409550599714,25558.266101549216,-108.08585885032797,105.79165689541215,13,52.46035864770422,0.8743393107950702
42.31,RADAR_A,RADAR_A-T6495,TARGET_1_LINEAR,5194.627927058367,1649.1469038761022,115.60728447742395,40.03415220690941,12,69.3723258961401,1.1562054316023351
42.42,RADAR_B,RADAR_B-T2174,TARGET_2_MANEUVER,25364.97612941969,25820.18364864976,-108.27699066181671,102.1152362865905,10,121.30990322456422,2.021831720409404
42.84,RADAR_A,RADAR_A-T7034,TARGET_2_MANEUVER,25476.75708679439,25819.433949834176,-111.60264040049282,101.41498541622158,13,52.46035864770422,0.8743393107950702
44.65,RADAR_A,RADAR_A-T6495,TARGET_1_LINEAR,5280.102794376761,1782.5069910459326,117.20027928996453,38.42023068403394,12,69.3723258961401,1.1562054316023351
44.89,RADAR_A,RADAR_A-T7034,TARGET_2_MANEUVER,25226.826061638592,26080.298135474193,-114.52104318132294,99.18817814119927,13,52.46035864770422,0.8743393107950702
46.56,RADAR_A,RADAR_A-T6495,TARGET_1_LINEAR,5655.079807681259,1846.842094725979,117.74050370621688,40.18442644175489,12,69.3723258961401,1.1562054316023351
46.65,RADAR_B,RADAR_B-T5063,TARGET_1_LINEAR,5699.739403973403,1862.8570770292536,117.54715643844699,40.56923419388585,12,69.3723258961401,1.1562054316023351
47.05,RADAR_A,RADAR_A-T7034,TARGET_2_MANEUVER,25011.13343931963,26283.936039501823,-117.65241555410914,91.56411974535574,13,52.46035864770422,0.8743393107950702
47.22,RADAR_C,RADAR_C-T4074,TARGET_1_LINEAR,6178.239379490362,1786.7650924455272,111.92772346351491,39.65484526876922,6,370.9507534326998,6.1825125572116635
47.32,RADAR_B,RADAR_B-T2174,TARGET_2_MANEUVER,24976.810421455615,26394.816410475247,-118.14349347472125,92.44246258556137,10,121.30990322456422,2.021831720409404
48.84,RADAR_A,RADAR_A-T6495,TARGET_1_LINEAR,5852.961244371568,1969.618428577866,117.73151928169469,39.70801827644859,14,39.671283813750286,0.6611880635625048
49.06,RADAR_A,RADAR_A-T7034,TARGET_2_MANEUVER,24718.85094377507,26508.141947222823,-119.78595154769458,88.63347962120453,13,52.46035864770422,0.8743393107950702
50.53,RADAR_A,RADAR_A-T6495,TARGET_1_LINEAR,6156.146485951512,1986.701004321546,117.22930616849501,38.726845209626255,14,39.671283813750286,0.6611880635625048
50.76,RADAR_A,RADAR_A-T7034,TARGET_2_MANEUVER,24570.538760557574,26629.550792897215,-123.32727628905026,84.49051993206625,13,52.46035864770422,0.8743393107950702
51.51,RADAR_B,RADAR_B-T5063,TARGET_1_LINEAR,6131.923281881009,2103.019759329002,116.49856034789227,37.183295377525894,12,69.3723258961401,1.1562054316023351
51.74,RADAR_B,RADAR_B-T2174,TARGET_2_MANEUVER,24532.321012951685,26805.05760338761,-126.09051148966557,81.91283804510132,11,91.73630764819175,1.528938460803196
52.52,RADAR_A,RADAR_A-T6495,TARGET_1_LINEAR,6331.499254044619,2095.6439144720634,118.10393223135189,37.39952639447696,13,52.46035864770422,0.8743393107950702
52.96,RADAR_A,RADAR_A-T7034,TARGET_2_MANEUVER,24302.61242945007,26796.595403395197,-130.7871152081773,83.43043186858175,14,39.671283813750286,0.6611880635625048
54.69,RADAR_A,RADAR_A-T6495,TARGET_1_LINEAR,6594.157129115425,2198.7342363116795,116.98496103206786,37.139771240396,12,69.3723258961401,1.1562054316023351
55.19,RADAR_A,RADAR_A-T7034,TARGET_2_MANEUVER,24033.52845066448,26961.36522853013,-130.44352634740102,74.41545730257558,14,39.671283813750286,0.6611880635625048
55.7,RADAR_C,RADAR_C-T2269,TARGET_2_MANEUVER,23893.61471987852,26657.431525952445,-132.40970613392972,77.68876796665447,9,160.417320008009,2.6736220001334834
56.98,RADAR_A,RADAR_A-T7034,TARGET_2_MANEUVER,23723.04918274745,27152.57153717464,-132.78042908544737,72.90478186860979,13,52.46035864770422,0.8743393107950702
57.05,RADAR_A,RADAR_A-T6495,TARGET_1_LINEAR,6861.947319738276,2289.3468644586287,115.47250305237637,39.731766291553726,13,52.46035864770422,0.8743393107950702
57.17,RADAR_B,RADAR_B-T2174,TARGET_2_MANEUVER,23784.711754179407,26935.792859070043,-131.97846484673568,72.91489367140431,11,91.73630764819175,1.528938460803196
59.41,RADAR_A,RADAR_A-T6495,TARGET_1_LINEAR,7161.23038400672,2353.9400600824943,118.12784428941148,38.07140016911085,13,52.46035864770422,0.8743393107950702
59.93,RADAR_B,RADAR_B-T3743,TARGET_1_LINEAR,7280.045083244539,2369.1496952340317,117.96502261574038,38.00485624733452,10,121.30990322456422,2.021831720409404
60.93,RADAR_A,RADAR_A-T6495,TARGET_1_LINEAR,7303.820485441303,2444.032860382787,117.21672296612405,38.298951569812736,13,52.46035864770422,0.8743393107950702
61.2,RADAR_A,RADAR_A-T2695,TARGET_2_MANEUVER,23763.592925051107,26969.06832775764,130.08487725961072,-70.63444020562879,11,91.73630764819175,1.528938460803196
63.02,RADAR_A,RADAR_A-T2695,TARGET_2_MANEUVER,23917.127757353133,27105.860852976763,133.89383945884393,-78.30889610801874,10,121.30990322456422,2.021831720409404
63.19,RADAR_C,RADAR_C-T4074,TARGET_1_LINEAR,7738.936142296454,2566.964106349601,118.84577637193657,40.51090337751797,9,160.417320008009,2.6736220001334834
63.32,RADAR_A,RADAR_A-T6495,TARGET_1_LINEAR,7675.62285177699,2576.8004879679147,117.75609238461904,38.20184599767123,13,52.46035864770422,0.8743393107950702
63.64,RADAR_B,RADAR_B-T3743,TARGET_1_LINEAR,7712.612593796202,2510.109191535583,116.02552744938822,40.101764401870305,9,160.417320008009,2.6736220001334834
65.29,RADAR_A,RADAR_A-T2695,TARGET_2_MANEUVER,24388.815494925595,26681.04044711291,124.33359617888634,-80.67096859175422,11,91.73630764819175,1.528938460803196
65.46,RADAR_A,RADAR_A-T6495,TARGET_1_LINEAR,7810.973994657218,2632.8196891366842,118.35779081904548,38.69735075891186,12,69.3723258961401,1.1562054316023351
66.42,RADAR_C,RADAR_C-T2269,TARGET_2_MANEUVER,23977.87709735268,27135.848418984086,122.54911285196339,-89.14523377298532,6,370.9507534326998,6.1825125572116635
66.47,RADAR_B,RADAR_B-T2340,TARGET_2_MANEUVER,23914.1651153431,26500.192882395466,124.5338846470837,-89.44575565103803,8,212.13203435596427,3.5355339059327378
67.34,RADAR_A,RADAR_A-T2695,TARGET_2_MANEUVER,24464.536822277827,26604.739253175005,125.02134554838074,-83.09028263879263,14,39.671283813750286,0.6611880635625048
67.49,RADAR_A,RADAR_A-T6495,TARGET_1_LINEAR,8040.6485854525035,2500.0415661697175,114.94349378711397,37.44170148699282,12,69.3723258961401,1.1562054316023351
69.54,RADAR_A,RADAR_A-T2695,TARGET_2_MANEUVER,24703.662695546303,26417.248729916297,118.48934001531507,-91.24104109738296,12,69.3723258961401,1.1562054316023351
69.87,RADAR_A,RADAR_A-T6495,TARGET_1_LINEAR,8380.32410657513,2782.745827785799,117.57949230781735,38.298489615433866,13,52.46035864770422,0.8743393107950702
70.08,RADAR_B,RADAR_B-T3743,TARGET_1_LINEAR,8354.872958455282,3074.5683927712776,115.61271234182735,40.55103606701135,8,212.13203435596427,3.5355339059327378
71.72,RADAR_A,RADAR_A-T6495,TARGET_1_LINEAR,8573.661267980773,2818.0650026007215,115.85291772640194,40.263147295987565,13,52.46035864770422,0.8743393107950702
71.75,RADAR_A,RADAR_A-T2695,TARGET_2_MANEUVER,25073.233477807775,26040.35495008232,114.06837121027914,-96.39806112712779,12,69.3723258961401,1.1562054316023351
72.19,RADAR_B,RADAR_B-T2340,TARGET_2_MANEUVER,25239.979326057935,26330.62190170815,114.22701854438021,-98.61577612385192,10,121.30990322456422,2.021831720409404
73.36,RADAR_C,RADAR_C-T2269,TARGET_2_MANEUVER,24686.087805199084,25888.34850686045,110.94073356985318,-94.26576812533361,8,212.13203435596427,3.5355339059327378
73.62,RADAR_A,RADAR_A-T6495,TARGET_1_LINEAR,8832.410264468062,2901.7126680097335,115.71921176497513,40.406198690914614,14,39.671283813750286,0.6611880635625048
73.89,RADAR_A,RADAR_A-T2695,TARGET_2_MANEUVER,25403.884313844916,25994.2659556001,111.33807112910608,-100.93773604088818,13,52.46035864770422,0.8743393107950702
75.78,RADAR_A,RADAR_A-T6495,TARGET_1_LINEAR,9034.834538990268,2940.633206523497,114.59563503044623,37.93170113789135,13,52.46035864770422,0.8743393107950702
75.82,RADAR_A,RADAR_A-T2695,TARGET_2_MANEUVER,25615.736881406207,25760.13266200633,106.17154093328938,-100.41698334667272,13,52.46035864770422,0.8743393107950702
75.93,RADAR_B,RADAR_B-T3743,TARGET_1_LINEAR,9127.946312213484,2971.5454493514203,116.42968997047403,37.724000561550795,11,91.73630764819175,1.528938460803196
77.07,RADAR_B,RADAR_B-T2340,TARGET_2_MANEUVER,25673.96683163739,25690.36252408963,104.92195940836159,-103.96600779603175,12,69.3723258961401,1.1562054316023351
77.3,RADAR_C,RADAR_C-T4074,TARGET_1_LINEAR,9048.777441245564,3300.589633006602,114.08091315357268,38.84865755471178,9,160.417320008009,2.6736220001334834
77.89,RADAR_A,RADAR_A-T2695,TARGET_2_MANEUVER,25716.09022244015,25590.00408168693,103.76162963039665,-106.21552821512711,13,52.46035864770422,0.8743393107950702
78.39,RADAR_A,RADAR_A-T6495,TARGET_1_LINEAR,9299.350643391746,3099.2039936889514,116.57258472752704,39.39833087781022,13,52.46035864770422,0.8743393107950702
79.66,RADAR_A,RADAR_A-T2695,TARGET_2_MANEUVER,25968.21673814178,25389.35433851788,99.97123587091974,-109.5039506562565,12,69.3723258961401,1.1562054316023351
80.37,RADAR_B,RADAR_B-T3743,TARGET_1_LINEAR,9454.210510799321,3064.7082830303184,113.96244572678114,41.818868577021114,10,121.30990322456422,2.021831720409404
81.02,RADAR_B,RADAR_B-T2340,TARGET_2_MANEUVER,26033.076310736986,25025.470211790143,100.01880837335564,-114.05437497472244,9,160.417320008009,2.6736220001334834
82.03,RADAR_A,RADAR_A-T5875,TARGET_1_LINEAR,9857.27908000044,3381.1574791171774,117.09992913303788,40.44226937998872,12,69.3723258961401,1.1562054316023351
82.12,RADAR_A,RADAR_A-T2695,TARGET_2_MANEUVER,26141.436390667084,25115.101805154303,96.66024313737331,-115.64022063413955,14,39.671283813750286,0.6611880635625048
82.48,RADAR_C,RADAR_C-T4074,TARGET_1_LINEAR,9987.733162242797,3399.212690261461,113.12165304909225,40.5012305087564,9,160.417320008009,2.6736220001334834
83.42,RADAR_C,RADAR_C-T2269,TARGET_2_MANEUVER,26821.812367534152,24887.54105418755,83.46505017490904,-126.75876134129939,6,370.9507534326998,6.1825125572116635
84.33,RADAR_A,RADAR_A-T2695,TARGET_2_MANEUVER,26465.149700959002,24766.381347342412,89.5775361330513,-118.23995484639724,13,52.46035864770422,0.8743393107950702
84.51,RADAR_A,RADAR_A-T5875,TARGET_1_LINEAR,10111.99560235409,3302.179498783103,116.5387550001832,39.14555794816178,14,39.671283813750286,0.6611880635625048
85.19,RADAR_B,RADAR_B-T3743,TARGET_1_LINEAR,10077.569659758616,3217.7665235429,114.10803308834203,37.696025869026045,11,91.73630764819175,1.528938460803196
85.53,RADAR_B,RADAR_B-T2340,TARGET_2_MANEUVER,25964.10758715848,24367.114989986116,95.23594571628018,-116.0871371117599,8,212.13203435596427,3.5355339059327378
86.35,RADAR_A,RADAR_A-T5875,TARGET_1_LINEAR,10293.342569575201,3407.399886915299,116.5312756704538,40.09131815958493,14,39.671283813750286,0.6611880635625048
86.8,RADAR_A,RADAR_A-T2695,TARGET_2_MANEUVER,26536.7604888457,24458.17317869203,86.67797534357607,-124.84420084396504,12,69.3723258961401,1.1562054316023351
88.06,RADAR_A,RADAR_A-T5875,TARGET_1_LINEAR,10497.294513271967,3658.832958835996,116.90118171306185,39.20366059768951,12,69.3723258961401,1.1562054316023351
89.01,RADAR_A,RADAR_A-T2695,TARGET_2_MANEUVER,26691.353646846674,24311.166889790693,78.56196007745203,-125.85422864928528,13,52.46035864770422,0.8743393107950702
90.23,RADAR_B,RADAR_B-T2340,TARGET_2_MANEUVER,26704.000948594476,24402.37169157885,72.95862341830285,-130.7923388160451,9,160.417320008009,2.6736220001334834
90.29,RADAR_A,RADAR_A-T5875,TARGET_1_LINEAR,10765.779678654331,3562.422160022635,114.85864691403034,41.729037096662815,12,69.3723258961401,1.1562054316023351
91.06,RADAR_C,RADAR_C-T4074,TARGET_1_LINEAR,10561.772345462787,3550.4481870071977,114.77137165939514,38.94922739479039,8,212.13203435596427,3.5355339059327378
91.77,RADAR_A,RADAR_A-T2695,TARGET_2_MANEUVER,27040.204687624002,24011.57895284294,73.3805566816146,-129.6718371500158,12,69.3723258961401,1.1562054316023351
92.04,RADAR_A,RADAR_A-T5875,TARGET_1_LINEAR,10985.236484610223,3611.7509552152437,116.17383927787402,43.177105422925756,14,39.671283813750286,0.6611880635625048
93.28,RADAR_A,RADAR_A-T2695,TARGET_2_MANEUVER,27059.92124127504,23754.934554568932,70.2273559014006,-132.70043700273615,12,69.3723258961401,1.1562054316023351
93.74,RADAR_A,RADAR_A-T5875,TARGET_1_LINEAR,11217.115804832913,3729.6433563909363,116.02649102218692,42.639396947487924,13,52.46035864770422,0.8743393107950702
94.93,RADAR_A,RADAR_A-T2695,TARGET_2_MANEUVER,27243.617688456212,23483.297530105432,64.8605170136291,-134.1142607053046,13,52.46035864770422,0.8743393107950702
95.3,RADAR_B,RADAR_B-T2340,TARGET_2_MANEUVER,27572.814068796113,23438.93874743423,65.13968131844176,-136.578081417,8,212.13203435596427,3.5355339059327378
95.51,RADAR_B,RADAR_B-T3765,TARGET_1_LINEAR,11198.980862754883,3959.591218389364,108.63135463237519,45.00087226388317,8,212.13203435596427,3.5355339059327378
95.98,RADAR_A,RADAR_A-T5875,TARGET_1_LINEAR,11393.805353213333,3859.7077308834496,114.92826543114211,41.61710415494749,14,39.671283813750286,0.6611880635625048
96.37,RADAR_C,RADAR_C-T2269,TARGET_2_MANEUVER,26903.44245991087,23057.532129330077,67.09915416657115,-141.5468003587812,5,490.536420678438,8.1756070113073
96.77,RADAR_A,RADAR_A-T2695,TARGET_2_MANEUVER,27280.00005149513,23264.479490187223,58.85130311587087,-137.51641300642495,14,39.671283813750286,0.6611880635625048
98.3,RADAR_A,RADAR_A-T2695,TARGET_2_MANEUVER,27363.276995104392,22985.40053669809,56.64258464908298,-138.73435498286935,14,39.671283813750286,0.6611880635625048
98.45,RADAR_A,RADAR_A-T5875,TARGET_1_LINEAR,11617.618001303737,3825.090442068586,116.63864935519288,43.08333181850599,13,52.46035864770422,0.8743393107950702
99.54,RADAR_B,RADAR_B-T3765,TARGET_1_LINEAR,11860.513136389447,3993.49084442559,116.21554665267253,41.993339105290964,12,69.3723258961401,1.1562054316023351
100.04,RADAR_C,RADAR_C-T4074,TARGET_1_LINEAR,12203.618115550209,3758.8180180526288,116.74733610734985,41.78159275531896,7,280.51833803078955,4.6753056338464924
100.22,RADAR_A,RADAR_A-T5875,TARGET_1_LINEAR,11867.572767684127,3966.3803217207696,114.35378781287748,40.2263611724884,13,52.46035864770422,0.8743393107950702
100.34,RADAR_A,RADAR_A-T2695,TARGET_2_MANEUVER,27520.56683756084,22712.718094544678,52.852807408624514,-142.84793426355665,12,69.3723258961401,1.1562054316023351
100.79,RADAR_B,RADAR_B-T2340,TARGET_2_MANEUVER,27239.1687383551,22591.66610486745,52.31868219107862,-139.64661487625412,8,212.13203435596427,3.5355339059327378
102.23,RADAR_A,RADAR_A-T5875,TARGET_1_LINEAR,12195.125412224806,4178.929824398247,117.76973159435435,44.06258241284717,12,69.3723258961401,1.1562054316023351
102.33,RADAR_A,RADAR_A-T2695,TARGET_2_MANEUVER,27653.142396863856,22374.302474353655,44.73496105486354,-143.4855582346872,13,52.46035864770422,0.8743393107950702
103.85,RADAR_B,RADAR_B-T3765,TARGET_1_LINEAR,12166.843024314303,4323.042241746126,116.62402985308087,47.17805955662714,11,91.73630764819175,1.528938460803196
104.37,RADAR_A,RADAR_A-T2695,TARGET_2_MANEUVER,27660.534209882648,22168.80432607687,41.54790642729419,-144.22134775396017,14,39.671283813750286,0.6611880635625048
104.59,RADAR_A,RADAR_A-T5875,TARGET_1_LINEAR,12378.047481635773,4176.956967581497,116.90352038872594,42.40534616897758,13,52.46035864770422,0.8743393107950702
106.19,RADAR_C,RADAR_C-T2269,TARGET_2_MANEUVER,28248.880989667792,21423.79053217035,45.2117193685724,-155.4606203929599,6,370.9507534326998,6.1825125572116635
106.44,RADAR_A,RADAR_A-T2695,TARGET_2_MANEUVER,27803.163356065583,21893.81313168242,37.065315606224395,-147.45101086115025,13,52.46035864770422,0.8743393107950702
106.73,RADAR_A,RADAR_A-T5875,TARGET_1_LINEAR,12599.733866748755,4317.560754217219,116.92896027799257,41.889567029302206,13,52.46035864770422,0.8743393107950702
108.21,RADAR_B,RADAR_B-T3765,TARGET_1_LINEAR,12967.772238232605,4303.017294090704,118.41318151806212,43.96764643674079,9,160.417320008009,2.6736220001334834
108.97,RADAR_A,RADAR_A-T5875,TARGET_1_LINEAR,12867.543139386182,4398.185934845571,115.41584438263281,44.22039556930806,14,39.671283813750286,0.6611880635625048
110.1,RADAR_A,RADAR_A-T1584,TARGET_2_MANEUVER,27948.846027034022,21353.024624347472,24.605601187430437,-146.19882685799803,14,39.671283813750286,0.6611880635625048
110.68,RADAR_B,RADAR_B-T1215,TARGET_2_MANEUVER,27702.8587403873,21259.122201005,27.586947160011228,-150.12337257969074,11,91.73630764819175,1.528938460803196
111.16,RADAR_A,RADAR_A-T5875,TARGET_1_LINEAR,13194.321991832585,4408.0109640853325,118.58741090317909,44.07796492838366,13,52.46035864770422,0.8743393107950702
111.81,RADAR_A,RADAR_A-T1584,TARGET_2_MANEUVER,27930.315761895345,21090.47053491727,21.311209340360723,-147.27157141012265,14,39.671283813750286,0.6611880635625048
113.33,RADAR_A,RADAR_A-T5875,TARGET_1_LINEAR,13427.579407020907,4483.366228142695,117.36590175024159,44.50184463513197,13,52.46035864770422,0.8743393107950702
113.35,RADAR_A,RADAR_A-T1584,TARGET_2_MANEUVER,27952.282943218594,20863.108518469355,16.869663528156117,-149.90709776634156,14,39.671283813750286,0.6611880635625048
114.42,RADAR_B,RADAR_B-T3765,TARGET_1_LINEAR,13477.985949138707,4529.879073709658,117.56538399659524,40.77045834947212,11,91.73630764819175,1.528938460803196
115.21,RADAR_B,RADAR_B-T1215,TARGET_2_MANEUVER,28032.39275855034,20550.586955600924,7.522202057513127,-152.48189071555493,9,160.417320008009,2.6736220001334834
115.39,RADAR_A,RADAR_A-T1584,TARGET_2_MANEUVER,27960.453427256416,20442.32116681542,9.075195791177526,-153.09679916288766,12,69.3723258961401,1.1562054316023351
115.62,RADAR_C,RADAR_C-T2269,TARGET_2_MANEUVER,28186.070878575934,20644.605017023896,16.11191628500751,-159.6311118092066,5,490.536420678438,8.1756070113073
115.83,RADAR_A,RADAR_A-T5875,TARGET_1_LINEAR,13732.101647273274,4704.725853034507,116.14065279801629,42.8442344934069,14,39.671283813750286,0.6611880635625048
117.7,RADAR_A,RADAR_A-T1584,TARGET_2_MANEUVER,27963.45514333875,20223.844960847247,5.360682363499032,-151.62606877781968,12,69.3723258961401,1.1562054316023351
117.95,RADAR_A,RADAR_A-T5875,TARGET_1_LINEAR,13958.613712480053,4773.007040827923,115.93122449397936,43.4936498536841,13,52.46035864770422,0.8743393107950702
119.49,RADAR_B,RADAR_B-T3765,TARGET_1_LINEAR,14077.764204457742,4824.492518119371,117.79709556810387,47.0752810795911,9,160.417320008009,2.6736220001334834
119.79,RADAR_A,RADAR_A-T1584,TARGET_2_MANEUVER,27978.726521100307,20086.69310724985,-1.3177693392381578,88.09072123136495,12,69.3723258961401,1.1562054316023351
119.87,RADAR_A,RADAR_A-T5875,TARGET_1_LINEAR,14103.383905824245,4832.41996695638,115.54333175322323,42.658825634317104,12,69.3723258961401,1.1562054316023351
121.09,RADAR_B,RADAR_B-T1215,TARGET_2_MANEUVER,28176.386881148726,20317.434601970963,-7.951755202359624,154.49274828549994,9,160.417320008009,2.6736220001334834
121.62,RADAR_A,RADAR_A-T5875,TARGET_1_LINEAR,14423.430089999994,4874.21551397303,116.94572651378546,43.69380952465937,13,52.46035864770422,0.8743393107950702
121.65,RADAR_A,RADAR_A-T1584,TARGET_2_MANEUVER,27924.2762950797,20479.26237412577,-8.690290372215387,150.83479016450448,11,91.73630764819175,1.528938460803196
122.03,RADAR_C,RADAR_C-T7318,TARGET_1_LINEAR,14422.697942311317,4453.032456984495,121.73088233566781,42.380898680925625,6,370.9507534326998,6.1825125572116635
123.62,RADAR_A,RADAR_A-T5875,TARGET_1_LINEAR,14566.613486072989,4876.3312561857965,116.47958956801176,44.36361817137336,13,52.46035864770422,0.8743393107950702
124.2,RADAR_A,RADAR_A-T1584,TARGET_2_MANEUVER,27788.17250420128,20639.367606444295,-16.18171880377978,148.80464147720642,10,121.30990322456422,2.021831720409404
124.2,RADAR_B,RADAR_B-T3765,TARGET_1_LINEAR,14735.128039638488,5080.532712153935,117.10155262883298,43.297726803307654,12,69.3723258961401,1.1562054316023351
125.53,RADAR_A,RADAR_A-T5875,TARGET_1_LINEAR,14830.314224524027,5108.626562963925,114.8918486490546,44.018940141361796,14,39.671283813750286,0.6611880635625048
126.21,RADAR_A,RADAR_A-T1584,TARGET_2_MANEUVER,27903.598164208644,21107.71189234939,-20.455854894477827,148.43427338670546,13,52.46035864770422,0.8743393107950702
126.86,RADAR_B,RADAR_B-T3765,TARGET_1_LINEAR,15095.419636673396,5100.665656655837,115.67617676580448,44.92719520382119,11,91.73630764819175,1.528938460803196
127.61,RADAR_C,RADAR_C-T2269,TARGET_2_MANEUVER,27748.45457479477,21182.00465093923,-26.02641542149333,146.7180131477283,9,160.417320008009,2.6736220001334834
127.77,RADAR_A,RADAR_A-T5875,TARGET_1_LINEAR,15000.316759786163,5219.6951081567095,116.06312456215207,42.281800254095444,12,69.3723258961401,1.1562054316023351
128.52,RADAR_A,RADAR_A-T1584,TARGET_2_MANEUVER,27925.820138591815,21466.97740969119,-27.894232451163916,148.72353680297311,14,39.671283813750286,0.6611880635625048
130.12,RADAR_A,RADAR_A-T5875,TARGET_1_LINEAR,15328.321595707142,5376.966952241155,116.1002927689418,43.804721826436854,13,52.46035864770422,0.8743393107950702
130.88,RADAR_A,RADAR_A-T1584,TARGET_2_MANEUVER,27799.552460370887,21788.792652344637,-30.922048594374086,149.48989440228476,14,39.671283813750286,0.6611880635625048
131.32,RADAR_B,RADAR_B-T5565,TARGET_2_MANEUVER,27823.56821536521,21833.750092836384,-35.63965928957398,151.1574064287089,9,160.417320008009,2.6736220001334834
131.47,RADAR_B,RADAR_B-T3765,TARGET_1_LINEAR,15477.617782636107,5233.2145637877875,111.61987893120177,46.01089543106549,8,212.13203435596427,3.5355339059327378
132.23,RADAR_A,RADAR_A-T5875,TARGET_1_LINEAR,15604.403111637768,5459.069233088489,114.96515301097038,45.22878174590856,13,52.46035864770422,0.8743393107950702
132.36,RADAR_A,RADAR_A-T1584,TARGET_2_MANEUVER,27765.91522600783,21962.523692968967,-37.91449174914001,144.06985016461627,13,52.46035864770422,0.8743393107950702
133.13,RADAR_C,RADAR_C-T7318,TARGET_1_LINEAR,16794.41781022623,5793.696088081995,115.19792966320837,45.79573272574003,5,490.536420678438,8.1756070113073
134.27,RADAR_A,RADAR_A-T1584,TARGET_2_MANEUVER,27662.88574900349,22233.82203118004,-41.1099825996686,145.45154800378214,14,39.671283813750286,0.6611880635625048
134.52,RADAR_A,RADAR_A-T5875,TARGET_1_LINEAR,15799.242075034917,5478.222563423016,115.01138562987686,44.403311532738414,13,52.46035864770422,0.8743393107950702
136.25,RADAR_A,RADAR_A-T1584,TARGET_2_MANEUVER,27540.491338206306,22454.801777763805,-47.2697228994356,142.30870695563397,12,69.3723258961401,1.1562054316023351
136.85,RADAR_B,RADAR_B-T5565,TARGET_2_MANEUVER,27488.97765938319,22532.522652240692,-51.15701910295064,140.2095348888414,10,121.30990322456422,2.021831720409404
137.05,RADAR_A,RADAR_A-T5875,TARGET_1_LINEAR,16117.972898113083,5644.115730658565,115.79672210739794,42.117495416193236,14,39.671283813750286,0.6611880635625048
137.26,RADAR_C,RADAR_C-T2269,TARGET_2_MANEUVER,27215.883209860378,22762.191265827492,-45.873217734375444,133.36587132830584,6,370.9507534326998,6.1825125572116635
137.26,RADAR_B,RADAR_B-T3765,TARGET_1_LINEAR,16169.053204683747,5709.479806714838,117.03075824988898,42.108839274525515,11,91.73630764819175,1.528938460803196
138.74,RADAR_A,RADAR_A-T1584,TARGET_2_MANEUVER,27377.00235579029,22747.232653597523,-54.13194931313401,142.11520523005788,12,69.3723258961401,1.1562054316023351
139.03,RADAR_A,RADAR_A-T5875,TARGET_1_LINEAR,16393.757389983723,5714.704711275616,116.39010766247327,42.70495898656936,14,39.671283813750286,0.6611880635625048
140.62,RADAR_A,RADAR_A-T1584,TARGET_2_MANEUVER,27337.224744972336,23189.507291059457,-58.600572363362225,140.56434639165457,13,52.46035864770422,0.8743393107950702
140.74,RADAR_A,RADAR_A-T5875,TARGET_1_LINEAR,16618.952209384963,5766.536463807782,116.3387525123691,41.991917748966024,12,69.3723258961401,1.1562054316023351
141.82,RADAR_A,RADAR_A-T1584,TARGET_2_MANEUVER,27266.554421562567,23315.408517586955,-60.21721266649469,138.42226477520435,13,52.46035864770422,0.8743393107950702
142.22,RADAR_B,RADAR_B-T5565,TARGET_2_MANEUVER,27109.18217255947,23368.58042733915,-62.45683279868064,137.64544167291245,12,69.3723258961401,1.1562054316023351
142.52,RADAR_A,RADAR_A-T5875,TARGET_1_LINEAR,16883.4223547428,5785.927025611478,116.43570517409754,38.810046031620466,12,69.3723258961401,1.1562054316023351
143.04,RADAR_C,RADAR_C-T7318,TARGET_1_LINEAR,16994.844530974802,5802.079903697446,117.44185194205262,37.50380116954517,9,160.417320008009,2.6736220001334834
143.17,RADAR_B,RADAR_B-T3765,TARGET_1_LINEAR,16932.240328253796,5885.251085889309,116.82200194376355,40.031732608977606,12,69.3723258961401,1.1562054316023351
144.22,RADAR_A,RADAR_A-T1584,TARGET_2_MANEUVER,27060.3278569825,23626.64270109239,-68.19159814553802,134.2799273152434,13,52.46035864770422,0.8743393107950702
144.27,RADAR_A,RADAR_A-T5875,TARGET_1_LINEAR,16993.712015205034,5894.8556512387,116.47395497223594,41.69171006962196,14,39.671283813750286,0.6611880635625048
146.07,RADAR_A,RADAR_A-T5875,TARGET_1_LINEAR,17285.634061762208,5868.609391546296,113.94812728262261,42.489854809979555,12,69.3723258961401,1.1562054316023351
146.39,RADAR_B,RADAR_B-T5565,TARGET_2_MANEUVER,26825.449973422863,23822.08349943747,-71.26003307664459,133.07292505161,10,121.30990322456422,2.021831720409404
146.87,RADAR_A,RADAR_A-T1584,TARGET_2_MANEUVER,27046.589883457204,24067.089495508495,-73.69691577999411,131.4700071781197,12,69.3723258961401,1.1562054316023351
147.7,RADAR_A,RADAR_A-T5875,TARGET_1_LINEAR,17419.14046600916,6012.936400511457,118.08324707016781,40.457560968558596,12,69.3723258961401,1.1562054316023351
147.86,RADAR_C,RADAR_C-T2269,TARGET_2_MANEUVER,26502.40765601979,24134.743899458994,-74.96988028662568,130.26971741098603,6,370.9507534326998,6.1825125572116635
148.48,RADAR_A,RADAR_A-T1584,TARGET_2_MANEUVER,26830.87011734499,24154.303755592406,-78.2007570092489,126.97651694088056,14,39.671283813750286,0.6611880635625048
149.34,RADAR_B,RADAR_B-T3765,TARGET_1_LINEAR,17388.230239994115,6280.458226355938,116.82458499329576,37.767422149251004,10,121.30990322456422,2.021831720409404
149.55,RADAR_A,RADAR_A-T5875,TARGET_1_LINEAR,17661.576652678803,6082.60393275852,117.9994729944833,40.89630381390948,14,39.671283813750286,0.6611880635625048
150.12,RADAR_A,RADAR_A-T1584,TARGET_2_MANEUVER,26725.669026177824,24465.730164192853,-81.20120366949403,124.39411467922696,13,52.46035864770422,0.8743393107950702
151.02,RADAR_B,RADAR_B-T5565,TARGET_2_MANEUVER,26594.86475720996,24429.620906405802,-85.42357285457656,126.14627452926251,12,69.3723258961401,1.1562054316023351
151.23,RADAR_A,RADAR_A-T5875,TARGET_1_LINEAR,17817.906359167882,6114.698361866528,117.69857735296591,41.43733053011983,13,52.46035864770422,0.8743393107950702
151.95,RADAR_A,RADAR_A-T1584,TARGET_2_MANEUVER,26505.856760631228,24607.582624181963,-87.19120527261792,121.76010515874027,12,69.3723258961401,1.1562054316023351
152.44,RADAR_C,RADAR_C-T7318,TARGET_1_LINEAR,17938.25597424246,5782.385635224214,132.11556548183137,39.19409335130465,5,490.536420678438,8.1756070113073
153.15,RADAR_A,RADAR_A-T5875,TARGET_1_LINEAR,18012.235761644657,6295.1184682788235,118.79861106089356,41.10931616115058,12,69.3723258961401,1.1562054316023351
153.91,RADAR_A,RADAR_A-T1584,TARGET_2_MANEUVER,26298.081686459504,24943.4336497487,-89.66790425076996,120.83695046644094,12,69.3723258961401,1.1562054316023351
154.44,RADAR_B,RADAR_B-T3765,TARGET_1_LINEAR,18301.209251436092,6278.6654949098165,115.33804618633737,42.48941948365272,8,212.13203435596427,3.5355339059327378
154.77,RADAR_A,RADAR_A-T5875,TARGET_1_LINEAR,18186.547393466943,6270.621151818096,119.57454771613473,42.618729356774566,13,52.46035864770422,0.8743393107950702
155.38,RADAR_B,RADAR_B-T5565,TARGET_2_MANEUVER,25954.970099275186,25028.420616622607,-94.38425354200189,116.01491794199818,11,91.73630764819175,1.528938460803196
156.2,RADAR_A,RADAR_A-T1584,TARGET_2_MANEUVER,26028.110077652014,25188.39153842483,-96.96939375638459,117.34871599624842,13,52.46035864770422,0.8743393107950702
156.74,RADAR_A,RADAR_A-T5875,TARGET_1_LINEAR,18524.474704384396,6366.326321189998,119.35424619391165,43.10321045554993,12,69.3723258961401,1.1562054316023351
158.12,RADAR_A,RADAR_A-T1584,TARGET_2_MANEUVER,25881.483133113208,25339.634882302245,-100.31412708938159,110.76868939774667,13,52.46035864770422,0.8743393107950702
158.6,RADAR_A,RADAR_A-T5875,TARGET_1_LINEAR,18675.384653479516,6444.268879088731,119.28631389376612,40.97901790592949,12,69.3723258961401,1.1562054316023351
159.57,RADAR_B,RADAR_B-T5565,TARGET_2_MANEUVER,25763.730162079242,25659.907245320752,-100.26826182979653,109.05460544245855,11,91.73630764819175,1.528938460803196
159.99,RADAR_A,RADAR_A-T5875,TARGET_1_LINEAR,18997.88837512071,6429.177773293269,120.77143577080571,42.675858365117925,12,69.3723258961401,1.1562054316023351
160.01,RADAR_A,RADAR_A-T1584,TARGET_2_MANEUVER,25737.82738557619,25607.145709112403,-103.03236259822201,103.72061523420749,13,52.46035864770422,0.8743393107950702
160.61,RADAR_B,RADAR_B-T3765,TARGET_1_LINEAR,18974.593842601556,6641.758070296268,119.2821880043126,43.552554575511024,10,121.30990322456422,2.021831720409404
161.85,RADAR_A,RADAR_A-T5875,TARGET_1_LINEAR,19130.876440049884,6539.025411255398,120.55617827786571,41.85012665099925,12,69.3723258961401,1.1562054316023351
161.9,RADAR_A,RADAR_A-T1584,TARGET_2_MANEUVER,25499.56868201346,25767.179604157758,-105.54527178288691,102.08603567825992,14,39.671283813750286,0.6611880635625048
163.17,RADAR_C,RADAR_C-T7318,TARGET_1_LINEAR,19691.478044393014,7203.603194317997,117.78918419156643,55.961960538544716,5,490.536420678438,8.1756070113073
163.72,RADAR_A,RADAR_A-T1584,TARGET_2_MANEUVER,25372.83931360823,25893.68432565991,-111.61037598296531,100.3141781661125,13,52.46035864770422,0.8743393107950702
163.91,RADAR_A,RADAR_A-T5875,TARGET_1_LINEAR,19391.391937102013,6682.603556008063,119.12417419834178,41.45705727795398,12,69.3723258961401,1.1562054316023351
164.38,RADAR_B,RADAR_B-T5565,TARGET_2_MANEUVER,24985.51553047543,25803.832518780982,-110.15150143980898,96.87808926023149,8,212.13203435596427,3.5355339059327378
165.69,RADAR_A,RADAR_A-T1584,TARGET_2_MANEUVER,25207.46337699865,26097.168615095918,-116.46359342918876,93.70842481716146,13,52.46035864770422,0.8743393107950702
166.32,RADAR_B,RADAR_B-T3765,TARGET_1_LINEAR,19586.816770661222,6837.691784264192,119.5703670946219,42.09605612801144,10,121.30990322456422,2.021831720409404
166.35,RADAR_A,RADAR_A-T5875,TARGET_1_LINEAR,19587.663107600227,6862.323185928588,120.76720139199286,40.83024124390534,12,69.3723258961401,1.1562054316023351
167.85,RADAR_A,RADAR_A-T1584,TARGET_2_MANEUVER,24850.159832839716,26312.01198757169,-121.8058986694222,93.02708182076064,12,69.3723258961401,1.1562054316023351
168.6,RADAR_A,RADAR_A-T5875,TARGET_1_LINEAR,19831.680622853353,6850.079153349034,119.64038127802752,41.056694179022394,14,39.671283813750286,0.6611880635625048
169.46,RADAR_B,RADAR_B-T5565,TARGET_2_MANEUVER,24631.48015226976,26431.66019114025,-121.42715093496007,88.38718746309775,12,69.3723258961401,1.1562054316023351
169.5,RADAR_A,RADAR_A-T1584,TARGET_2_MANEUVER,24607.12142590192,26500.30574311955,-122.37106520107454,87.42831010306736,12,69.3723258961401,1.1562054316023351
170.53,RADAR_A,RADAR_A-T5875,TARGET_1_LINEAR,20084.52340938875,6966.223523018041,119.74811220580698,42.049660750441994,14,39.671283813750286,0.6611880635625048
171.25,RADAR_A,RADAR_A-T1584,TARGET_2_MANEUVER,24461.594961643877,26639.615539614002,-123.52731456148109,82.1667109317518,13,52.46035864770422,0.8743393107950702
171.66,RADAR_C,RADAR_C-T6092,TARGET_2_MANEUVER,24253.624820381523,27026.21970904795,-125.88224558142142,84.07937958425184,6,370.9507534326998,6.1825125572116635
171.83,RADAR_B,RADAR_B-T3765,TARGET_1_LINEAR,20044.94882559536,7266.563706374248,123.01248591733311,44.051266322731934,8,212.13203435596427,3.5355339059327378
172.58,RADAR_A,RADAR_A-T5875,TARGET_1_LINEAR,20406.25829505583,7055.127192998713,120.18301302847965,42.21035464887063,12,69.3723258961401,1.1562054316023351
172.63,RADAR_C,RADAR_C-T7318,TARGET_1_LINEAR,20542.070393359965,7587.501464276907,144.82194579584257,38.51185266318168,5,490.536420678438,8.1756070113073
173.26,RADAR_A,RADAR_A-T1584,TARGET_2_MANEUVER,24240.68588027193,26877.838678452415,-129.59085624497058,78.63998502254749,14,39.671283813750286,0.6611880635625048
174.3,RADAR_A,RADAR_A-T5875,TARGET_1_LINEAR,20618.162870758766,7158.717712878343,120.05237547178024,41.20860186339571,14,39.671283813750286,0.6611880635625048
174.74,RADAR_B,RADAR_B-T5565,TARGET_2_MANEUVER,23909.652351207034,27130.47669613426,-131.53893284940776,78.95604257674978,9,160.417320008009,2.6736220001334834
175.94,RADAR_A,RADAR_A-T1584,TARGET_2_MANEUVER,23825.229989861793,27089.156452866915,-132.2263534473619,76.34402617964643,13,52.46035864770422,0.8743393107950702
176.2,RADAR_A,RADAR_A-T5875,TARGET_1_LINEAR,20852.585141436994,7161.693190294944,118.50735275523012,41.79753094517563,12,69.3723258961401,1.1562054316023351
176.9,RADAR_B,RADAR_B-T3765,TARGET_1_LINEAR,21041.69030445833,6841.443073919326,120.86565313321505,40.897251914228875,10,121.30990322456422,2.021831720409404
177.94,RADAR_A,RADAR_A-T1584,TARGET_2_MANEUVER,23628.54624142032,27169.84024667368,-132.5812207904296,68.28174806551898,14,39.671283813750286,0.6611880635625048
178.56,RADAR_B,RADAR_B-T5565,TARGET_2_MANEUVER,23758.121130520594,26790.828564051506,-132.166083904907,67.92095974389362,9,160.417320008009,2.6736220001334834
178.91,RADAR_C,RADAR_C-T6092,TARGET_2_MANEUVER,23542.68570851713,27018.0755872895,-140.6823670607556,71.81284540964805,5,490.536420678438,8.1756070113073
179.46,RADAR_A,RADAR_A-T8183,TARGET_1_LINEAR,21154.738597302847,7412.413727917504,117.59559755704969,40.563074393631794,12,69.3723258961401,1.1562054316023351
180.14,RADAR_A,RADAR_A-T1584,TARGET_2_MANEUVER,23536.6711231715,27225.06720856717,135.48010975333906,-63.88734583520399,11,91.73630764819175,1.528938460803196
181.56,RADAR_A,RADAR_A-T8183,TARGET_1_LINEAR,21538.349661569362,7380.422938727233,119.97582453136886,42.66831872544694,12,69.3723258961401,1.1562054316023351
181.79,RADAR_A,RADAR_A-T1584,TARGET_2_MANEUVER,23904.779499211636,27021.05890247151,134.07340278802727,-72.29637723084619,10,121.30990322456422,2.021831720409404
182.11,RADAR_B,RADAR_B-T3765,TARGET_1_LINEAR,21455.264858444618,7223.899806211338,118.8763317356315,43.85150691628605,9,160.417320008009,2.6736220001334834
183.41,RADAR_A,RADAR_A-T1584,TARGET_2_MANEUVER,24156.87390350771,27080.16209440042,129.7757238753781,-75.70414582268879,9,160.417320008009,2.6736220001334834
183.71,RADAR_A,RADAR_A-T8183,TARGET_1_LINEAR,21621.81290325155,7526.092477250468,118.79796007827932,40.71357254896095,12,69.3723258961401,1.1562054316023351
183.93,RADAR_B,RADAR_B-T5565,TARGET_2_MANEUVER,24136.546946137347,27034.696527649132,124.85710764646439,-81.32672170854875,9,160.417320008009,2.6736220001334834
184.78,RADAR_A,RADAR_A-T1584,TARGET_2_MANEUVER,24158.794485593233,26798.97416787282,127.18868951922329,-81.06081796775722,9,160.417320008009,2.6736220001334834
185.07,RADAR_C,RADAR_C-T7318,TARGET_1_LINEAR,21810.14022271201,7393.811243276021,118.70861854187321,45.788500141702094,7,280.51833803078955,4.6753056338464924
186.14,RADAR_A,RADAR_A-T8183,TARGET_1_LINEAR,21981.00953639815,7596.257347265182,120.68204408212887,41.5360761324086,14,39.671283813750286,0.6611880635625048
186.8,RADAR_A,RADAR_A-T1584,TARGET_2_MANEUVER,24450.22544382198,26690.95158116181,123.08124327845097,-86.01427997230313,13,52.46035864770422,0.8743393107950702
187.42,RADAR_A,RADAR_A-T8183,TARGET_1_LINEAR,22136.329277740246,7595.798077868333,122.3411943000302,41.28465156644819,13,52.46035864770422,0.8743393107950702
187.57,RADAR_B,RADAR_B-T3765,TARGET_1_LINEAR,21670.233289847078,7980.022842979706,120.96045451546757,34.59539314795586,8,212.13203435596427,3.5355339059327378
188.62,RADAR_B,RADAR_B-T5565,TARGET_2_MANEUVER,24543.741232663215,26511.220171321846,120.52096509530928,-88.69760838559931,11,91.73630764819175,1.528938460803196
189.08,RADAR_A,RADAR_A-T1584,TARGET_2_MANEUVER,24628.62419753455,26514.65454763517,118.49120693411054,-86.96556807191635,12,69.3723258961401,1.1562054316023351
189.66,RADAR_A,RADAR_A-T8183,TARGET_1_LINEAR,22432.22561503585,7706.206793461005,122.33112530536536,39.71772935413681,13,52.46035864770422,0.8743393107950702
191.17,RADAR_C,RADAR_C-T6092,TARGET_2_MANEUVER,24957.809256939927,26594.4129980243,117.98526565300122,-98.64043304335378,8,212.13203435596427,3.5355339059327378
191.22,RADAR_A,RADAR_A-T1584,TARGET_2_MANEUVER,24959.509679001178,26162.79316211894,116.7432373050152,-93.81518150453,13,52.46035864770422,0.8743393107950702
191.89,RADAR_A,RADAR_A-T8183,TARGET_1_LINEAR,22772.408319986083,7879.28373396926,120.60974175160062,41.69233190408652,12,69.3723258961401,1.1562054316023351
192.9,RADAR_B,RADAR_B-T3765,TARGET_1_LINEAR,22787.08685812899,7776.2965073375,122.8125833859217,41.49064404053084,11,91.73630764819175,1.528938460803196
193.18,RADAR_A,RADAR_A-T8183,TARGET_1_LINEAR,22772.253925697038,7943.937521700343,121.18281399594383,40.83109800370886,13,52.46035864770422,0.8743393107950702
193.55,RADAR_A,RADAR_A-T1584,TARGET_2_MANEUVER,25291.88693883714,25976.802412839435,114.55655910116762,-96.97054209046482,14,39.671283813750286,0.6611880635625048
195.12,RADAR_A,RADAR_A-T8183,TARGET_1_LINEAR,23090.792010314315,7854.683969235433,121.21149742650417,42.84880279083838,12,69.3723258961401,1.1562054316023351
195.9,RADAR_A,RADAR_A-T1584,TARGET_2_MANEUVER,25476.82273596758,25792.365505109527,107.99771193511103,-104.9023837210101,14,39.671283813750286,0.6611880635625048
196.06,RADAR_C,RADAR_C-T7318,TARGET_1_LINEAR,23218.926963972528,8026.455371938661,123.70413037764895,44.63320475398186,5,490.536420678438,8.1756070113073
197.0,RADAR_A,RADAR_A-T8183,TARGET_1_LINEAR,23285.251689682067,8116.91955028466,121.11718956080445,42.57467918799664,14,39.671283813750286,0.6611880635625048
198.13,RADAR_A,RADAR_A-T1584,TARGET_2_MANEUVER,25749.14257253774,25486.736495146328,107.25045718307574,-106.29564770791235,12,69.3723258961401,1.1562054316023351
198.99,RADAR_B,RADAR_B-T3765,TARGET_1_LINEAR,23387.660947805496,8251.905237470493,119.7148145952259,42.23933831458401,10,121.30990322456422,2.021831720409404
199.46,RADAR_A,RADAR_A-T8183,TARGET_1_LINEAR,23655.003626359165,8218.445619793212,119.78021846066054,43.65662240829462,12,69.3723258961401,1.1562054316023351
199.86,RADAR_A,RADAR_A-T1584,TARGET_2_MANEUVER,26011.593298093176,25364.433855794116,102.95351734769902,-110.45941802084651,13,52.46035864770422,0.8743393107950702
200.78,RADAR_B,RADAR_B-T7175,TARGET_2_MANEUVER,25924.34242463594,25329.189279462233,94.60003922152121,-118.20308176366348,10,121.30990322456422,2.021831720409404
200.98,RADAR_C,RADAR_C-T6092,TARGET_2_MANEUVER,26012.58422381792,25419.47028018642,97.70920222205577,-113.3375368335402,9,160.417320008009,2.6736220001334834
201.78,RADAR_A,RADAR_A-T8183,TARGET_1_LINEAR,23926.687660480096,8274.475027193921,118.58997055647762,42.921916082267025,12,69.3723258961401,1.1562054316023351
202.22,RADAR_A,RADAR_A-T1584,TARGET_2_MANEUVER,26075.132458805252,25048.799668797925,96.22368030881061,-115.76190920568706,12,69.3723258961401,1.1562054316023351
203.8,RADAR_A,RADAR_A-T8183,TARGET_1_LINEAR,24106.127760960087,8436.173389320184,120.18275545510552,44.114176446583706,14,39.671283813750286,0.6611880635625048
203.94,RADAR_B,RADAR_B-T3765,TARGET_1_LINEAR,24121.688156885473,8242.83352858083,121.01121694322137,42.303478862586076,11,91.73630764819175,1.528938460803196
204.21,RADAR_A,RADAR_A-T1584,TARGET_2_MANEUVER,26371.53724136539,24753.295617874162,92.36788088338665,-121.50748938088678,13,52.46035864770422,0.8743393107950702
205.87,RADAR_A,RADAR_A-T8183,TARGET_1_LINEAR,24410.19021163199,8473.811792990957,119.563860711598,43.52566740392108,14,39.671283813750286,0.6611880635625048
206.05,RADAR_B,RADAR_B-T7175,TARGET_2_MANEUVER,26023.45040157969,24398.864427333363,94.03781082662985,-122.73269188935048,8,212.13203435596427,3.5355339059327378
206.07,RADAR_C,RADAR_C-T7318,TARGET_1_LINEAR,24096.85401183893,8573.71714736404,117.294800207697,40.1358951053322,9,160.417320008009,2.6736220001334834
206.13,RADAR_A,RADAR_A-T1584,TARGET_2_MANEUVER,26615.08103477819,24665.258916057457,90.9250731630391,-123.92981661799158,13,52.46035864770422,0.8743393107950702
207.89,RADAR_A,RADAR_A-T1584,TARGET_2_MANEUVER,26701.37002925149,24383.23929746458,83.5458899831969,-125.03330384316727,12,69.3723258961401,1.1562054316023351
208.06,RADAR_A,RADAR_A-T8183,TARGET_1_LINEAR,24702.860926509285,8566.128946424136,120.04414127567034,44.74926805368662,13,52.46035864770422,0.8743393107950702
209.81,RADAR_A,RADAR_A-T8183,TARGET_1_LINEAR,24839.4055294179,8647.07106837278,119.6904584554806,45.14646024001939,12,69.3723258961401,1.1562054316023351
210.17,RADAR_B,RADAR_B-T3765,TARGET_1_LINEAR,24808.012056992276,8623.377566168825,123.51843289222757,41.53343952341144,10,121.30990322456422,2.021831720409404
210.22,RADAR_A,RADAR_A-T1584,TARGET_2_MANEUVER,26904.73024127118,24123.827951691284,77.4667490494675,-128.79540379267272,14,39.671283813750286,0.6611880635625048
210.59,RADAR_B,RADAR_B-T7175,TARGET_2_MANEUVER,26777.156205154883,24007.251041941014,72.73793350954206,-127.84191272373272,8,212.13203435596427,3.5355339059327378
211.55,RADAR_A,RADAR_A-T8183,TARGET_1_LINEAR,25012.315660374712,8836.288863069301,119.69616508862731,45.56858823215072,12,69.3723258961401,1.1562054316023351
211.86,RADAR_C,RADAR_C-T6092,TARGET_2_MANEUVER,27264.05595018117,23850.390731051964,78.3395223060943,-129.68126549226048,8,212.13203435596427,3.5355339059327378
212.99,RADAR_A,RADAR_A-T1584,TARGET_2_MANEUVER,27041.847862552953,23718.91135697439,70.34122857544654,-132.37654362905923,14,39.671283813750286,0.6611880635625048
213.85,RADAR_A,RADAR_A-T8183,TARGET_1_LINEAR,25300.37302895483,8767.239728778084,119.28167747533962,45.733145507180595,13,52.46035864770422,0.8743393107950702
214.82,RADAR_C,RADAR_C-T7318,TARGET_1_LINEAR,25401.224225407193,8731.426200873419,120.23136724078762,46.367229405202096,7,280.51833803078955,4.6753056338464924
214.94,RADAR_A,RADAR_A-T1584,TARGET_2_MANEUVER,27303.01496730074,23486.696334116783,64.35386600302238,-138.38196537797148,13,52.46035864770422,0.8743393107950702
215.3,RADAR_B,RADAR_B-T3765,TARGET_1_LINEAR,25505.58231690033,8936.620955559485,123.42381475552142,43.53726209743365,10,121.30990322456422,2.021831720409404
215.96,RADAR_B,RADAR_B-T7175,TARGET_2_MANEUVER,27230.967649198854,23400.271762885004,67.77798923594513,-135.00495055501185,9,160.417320008009,2.6736220001334834
215.99,RADAR_A,RADAR_A-T8183,TARGET_1_LINEAR,25520.76962197299,8955.822896745995,121.69753351781668,44.3055574828991,14,39.671283813750286,0.6611880635625048
217.19,RADAR_A,RADAR_A-T1584,TARGET_2_MANEUVER,27349.711407206483,23153.049795338833,59.47044140956767,-136.10996712095215,14,39.671283813750286,0.6611880635625048
217.69,RADAR_A,RADAR_A-T8183,TARGET_1_LINEAR,25903.453968112935,8955.605319694587,121.85074707174141,43.702684840064656,12,69.3723258961401,1.1562054316023351
219.06,RADAR_A,RADAR_A-T8183,TARGET_1_LINEAR,25944.049477666915,9034.396396714974,120.11512312890716,42.714739188910634,14,39.671283813750286,0.6611880635625048
219.4,RADAR_A,RADAR_A-T1584,TARGET_2_MANEUVER,27509.026545418845,22887.00839713415,53.72626894541575,-138.05586113017557,12,69.3723258961401,1.1562054316023351
221.35,RADAR_A,RADAR_A-T8183,TARGET_1_LINEAR,26327.68557970482,9240.949933920025,119.95975536966903,43.2528359010802,13,52.46035864770422,0.8743393107950702
221.65,RADAR_A,RADAR_A-T1584,TARGET_2_MANEUVER,27469.383710998358,22579.777111608695,48.42251938085337,-141.80671297033706,13,52.46035864770422,0.8743393107950702
221.76,RADAR_B,RADAR_B-T7175,TARGET_2_MANEUVER,27436.640048657577,22712.601361427834,44.38509369611794,-140.08506856772402,9,160.417320008009,2.6736220001334834
223.0,RADAR_A,RADAR_A-T8183,TARGET_1_LINEAR,26397.6141465012,9217.204441704704,120.09405504382718,42.985536797268416,14,39.671283813750286,0.6611880635625048
223.6,RADAR_A,RADAR_A-T1584,TARGET_2_MANEUVER,27692.357305026984,22227.073787802103,43.42860703745638,-144.97655095530763,13,52.46035864770422,0.8743393107950702
224.14,RADAR_C,RADAR_C-T6092,TARGET_2_MANEUVER,27547.431325852194,21793.371774226824,51.837482866008685,-143.03977485560875,6,370.9507534326998,6.1825125572116635
224.42,RADAR_C,RADAR_C-T7318,TARGET_1_LINEAR,26533.90052908581,10056.561896182124,121.61476936279551,52.18187795979733,6,370.9507534326998,6.1825125572116635
224.96,RADAR_A,RADAR_A-T8183,TARGET_1_LINEAR,26715.02945386426,9283.554312538297,121.33873034997289,43.52511947655987,13,52.46035864770422,0.8743393107950702
225.06,RADAR_A,RADAR_A-T1584,TARGET_2_MANEUVER,27657.030080486373,22039.937621916706,38.0807810318184,-143.97049419695446,13,52.46035864770422,0.8743393107950702
226.76,RADAR_B,RADAR_B-T7175,TARGET_2_MANEUVER,27768.740053068264,21802.21910113473,32.969752918477724,-149.78265064943017,10,121.30990322456422,2.021831720409404
226.87,RADAR_A,RADAR_A-T8183,TARGET_1_LINEAR,26879.81660572998,9259.553432440345,119.47077992148904,42.96271424905462,13,52.46035864770422,0.8743393107950702
227.1,RADAR_A,RADAR_A-T1584,TARGET_2_MANEUVER,27811.01549915858,21680.902401039315,31.716277070509577,-147.45589169661085,13,52.46035864770422,0.8743393107950702
228.61,RADAR_A,RADAR_A-T8183,TARGET_1_LINEAR,27117.3080527547,9372.547736450815,117.85552345466027,42.68909988970675,13,52.46035864770422,0.8743393107950702
229.04,RADAR_A,RADAR_A-T1584,TARGET_2_MANEUVER,27864.799472458304,21490.043874818224,28.09134424292008,-147.21097366075676,13,52.46035864770422,0.8743393107950702
229.43,RADAR_B,RADAR_B-T4802,TARGET_1_LINEAR,26892.077948013946,9349.640886940653,119.10952304266881,36.921876640282875,8,212.13203435596427,3.5355339059327378
230.0,RADAR_A,RADAR_A-T8183,TARGET_1_LINEAR,27190.44955129857,9520.255233874217,120.61388513126359,41.487905310868165,12,69.3723258961401,1.1562054316023351
231.11,RADAR_A,RADAR_A-T1584,TARGET_2_MANEUVER,27853.196262012247,21107.3796464574,25.8663633015672,-150.47825201633486,12,69.3723258961401,1.1562054316023351
231.76,RADAR_B,RADAR_B-T7175,TARGET_2_MANEUVER,27903.135820262745,21209.258356861512,21.107529701880974,-150.79128061083284,9,160.417320008009,2.6736220001334834
232.32,RADAR_A,RADAR_A-T8183,TARGET_1_LINEAR,27531.169343148107,9600.569671620608,119.19619064199141,40.418783871827955,13,52.46035864770422,0.8743393107950702
232.79,RADAR_A,RADAR_A-T1584,TARGET_2_MANEUVER,27965.49367344969,20924.850255818248,15.707069665445367,-145.68911294267897,12,69.3723258961401,1.1562054316023351
233.69,RADAR_B,RADAR_B-T4802,TARGET_1_LINEAR,27558.487195827438,9551.444688363084,120.10257593128789,40.735118747596836,9,160.417320008009,2.6736220001334834
234.37,RADAR_A,RADAR_A-T1584,TARGET_2_MANEUVER,27996.07114266832,20771.706874787673,14.5228175988516,-149.19038049564816,13,52.46035864770422,0.8743393107950702
234.54,RADAR_A,RADAR_A-T8183,TARGET_1_LINEAR,27965.614087180365,9638.96820270776,116.57842977167185,41.29330632090457,12,69.3723258961401,1.1562054316023351
234.58,RADAR_C,RADAR_C-T6092,TARGET_2_MANEUVER,28264.291168747517,20373.085498843535,11.00390294158618,-148.25446148443484,5,490.536420678438,8.1756070113073
236.3,RADAR_B,RADAR_B-T7175,TARGET_2_MANEUVER,27524.239863502233,20114.811439682086,9.415352313779968,-156.1766651979185,9,160.417320008009,2.6736220001334834
236.52,RADAR_A,RADAR_A-T1584,TARGET_2_MANEUVER,28013.587591634227,20325.896917276066,8.587165740482783,-150.12345145646057,14,39.671283813750286,0.6611880635625048
236.87,RADAR_A,RADAR_A-T8183,TARGET_1_LINEAR,28235.38637813663,9751.568568259781,119.94922008971157,42.190123956019434,12,69.3723258961401,1.1562054316023351
237.21,RADAR_C,RADAR_C-T7318,TARGET_1_LINEAR,28293.666165277336,10061.802431368178,113.87891334000052,51.43405405538155,6,370.9507534326998,6.1825125572116635
238.04,RADAR_A,RADAR_A-T1584,TARGET_2_MANEUVER,28103.131057901854,20164.53326921896,0.6784371302317522,-150.22066546356712,14,39.671283813750286,0.6611880635625048
238.47,RADAR_B,RADAR_B-T4802,TARGET_1_LINEAR,28301.8400265184,9786.271877996816,122.41889047560404,43.447794250301094,11,91.73630764819175,1.528938460803196
239.1,RADAR_A,RADAR_A-T8183,TARGET_1_LINEAR,28378.2035921798,9963.41248442215,120.72345401650917,42.36974433393611,14,39.671283813750286,0.6611880635625048
240.77,RADAR_B,RADAR_B-T7175,TARGET_2_MANEUVER,27802.548234890124,20756.4573345029,5.929467398801133,157.99237626252807,5,490.536420678438,8.1756070113073
240.9,RADAR_A,RADAR_A-T8183,TARGET_1_LINEAR,28630.57497392641,9962.095060987871,119.31116705785777,41.90331823975926,13,52.46035864770422,0.8743393107950702
241.58,RADAR_C,RADAR_C-T6092,TARGET_2_MANEUVER,27701.403197931395,20013.40590458202,-17.687722655039522,155.53283714196272,6,370.9507534326998,6.1825125572116635
242.43,RADAR_A,RADAR_A-T1904,TARGET_2_MANEUVER,27901.21735353702,20465.58859166613,-4.626576621605145,148.52172516422988,10,121.30990322456422,2.021831720409404
243.02,RADAR_A,RADAR_A-T8183,TARGET_1_LINEAR,28835.22948879375,9979.459584730119,121.4943719601985,41.56126034107553,14,39.671283813750286,0.6611880635625048
244.27,RADAR_A,RADAR_A-T1904,TARGET_2_MANEUVER,27947.25313635701,20937.260860709306,-15.502442332426114,148.62856453950099,11,91.73630764819175,1.528938460803196
244.28,RADAR_B,RADAR_B-T4802,TARGET_1_LINEAR,28564.376878638144,9758.325325268861,120.98602880824376,40.96523022864404,8,212.13203435596427,3.5355339059327378
245.01,RADAR_C,RADAR_C-T7318,TARGET_1_LINEAR,28999.64581941341,10027.88937774017,117.0117718851592,47.18290570766836,9,160.417320008009,2.6736220001334834
245.64,RADAR_A,RADAR_A-T8183,TARGET_1_LINEAR,29108.630938344682,10206.785583446872,120.55222201903038,41.60759224204522,14,39.671283813750286,0.6611880635625048
245.86,RADAR_A,RADAR_A-T1904,TARGET_2_MANEUVER,27811.018679361783,21026.92370346467,-24.82221801259251,144.77945848052593,9,160.417320008009,2.6736220001334834
246.11,RADAR_B,RADAR_B-T7175,TARGET_2_MANEUVER,28009.38604049107,21348.517557770007,-25.25629405405663,156.70790836932738,8,212.13203435596427,3.5355339059327378
247.73,RADAR_A,RADAR_A-T8183,TARGET_1_LINEAR,29457.2497028178,10266.956095803469,120.82952269993447,41.6764055131036,14,39.671283813750286,0.6611880635625048
247.83,RADAR_A,RADAR_A-T1904,TARGET_2_MANEUVER,27895.33616688353,21361.46317509521,-23.137953576158537,146.37886591540183,14,39.671283813750286,0.6611880635625048
248.47,RADAR_B,RADAR_B-T4802,TARGET_1_LINEAR,29562.6217151973,10323.760143168027,121.23446748422099,38.71788435850353,10,121.30990322456422,2.021831720409404
248.94,RADAR_C,RADAR_C-T6092,TARGET_2_MANEUVER,27752.904647718373,21306.78991042739,-28.06757524152417,151.50095225468422,9,160.417320008009,2.6736220001334834
249.32,RADAR_A,RADAR_A-T8183,TARGET_1_LINEAR,29635.42369118976,10311.971911298193,121.04005023323211,42.89138686254674,14,39.671283813750286,0.6611880635625048
249.99,RADAR_A,RADAR_A-T1904,TARGET_2_MANEUVER,27716.513389731663,21675.972247357262,-28.82206844862572,141.9674356347642,13,52.46035864770422,0.8743393107950702
250.57,RADAR_B,RADAR_B-T7175,TARGET_2_MANEUVER,27739.876261828544,21669.18450211562,-31.27085255188306,153.4108256256972,8,212.13203435596427,3.5355339059327378
251.37,RADAR_A,RADAR_A-T8183,TARGET_1_LINEAR,29947.238741141166,10391.068109322707,120.80602881253816,42.98695919626816,13,52.46035864770422,0.8743393107950702
252.16,RADAR_A,RADAR_A-T1904,TARGET_2_MANEUVER,27681.592847029937,21799.99906530601,-33.291557288674625,144.84364004005246,13,52.46035864770422,0.8743393107950702
253.25,RADAR_A,RADAR_A-T8183,TARGET_1_LINEAR,30029.972883374685,10545.569295073077,118.81946386401792,42.73842772788174,13,52.46035864770422,0.8743393107950702
254.05,RADAR_A,RADAR_A-T1904,TARGET_2_MANEUVER,27751.010435761953,22302.191478609435,-42.557621180256035,147.50332927533552,14,39.671283813750286,0.6611880635625048
254.31,RADAR_B,RADAR_B-T4802,TARGET_1_LINEAR,30444.094474307778,10657.34675763574,119.05063142862537,43.697340335386365,8,212.13203435596427,3.5355339059327378
255.51,RADAR_B,RADAR_B-T7175,TARGET_2_MANEUVER,27591.779773667415,22355.573457617553,-49.12373448703236,143.49521852121515,11,91.73630764819175,1.528938460803196
256.07,RADAR_C,RADAR_C-T7318,TARGET_1_LINEAR,30559.32822442772,10319.948692174932,109.07806218865531,35.884470453060274,6,370.9507534326998,6.1825125572116635
256.1,RADAR_A,RADAR_A-T1904,TARGET_2_MANEUVER,27499.57313264256,22584.148903330617,-48.07123877552354,140.6926691045128,12,69.3723258961401,1.1562054316023351
256.77,RADAR_C,RADAR_C-T6092,TARGET_2_MANEUVER,28344.9418893611,22289.226906265918,-57.38966201312908,137.44451258544348,6,370.9507534326998,6.1825125572116635
257.26,RADAR_A,RADAR_A-T6668,TARGET_1_LINEAR,30523.32302567791,10701.89886607315,120.29807580037289,42.417923866563136,12,69.3723258961401,1.1562054316023351
257.51,RADAR_A,RADAR_A-T1904,TARGET_2_MANEUVER,27408.927819656765,22729.672876635577,-48.69802961133695,141.42133766663116,12,69.3723258961401,1.1562054316023351
259.36,RADAR_B,RADAR_B-T4802,TARGET_1_LINEAR,30718.246517526204,10821.982268390935,116.3159877947974,40.63338007794652,8,212.13203435596427,3.5355339059327378
259.41,RADAR_A,RADAR_A-T1904,TARGET_2_MANEUVER,27367.74384973511,22937.090867812887,-54.716047325041266,140.66234313479347,13,52.46035864770422,0.8743393107950702
259.47,RADAR_A,RADAR_A-T6668,TARGET_1_LINEAR,30800.682821457605,10691.306366345161,118.46347496290353,42.006743354822625,13,52.46035864770422,0.8743393107950702
261.27,RADAR_B,RADAR_B-T7175,TARGET_2_MANEUVER,27334.613786575235,23578.9389167887,-61.143892606459595,135.12646745735842,9,160.417320008009,2.6736220001334834
261.29,RADAR_A,RADAR_A-T1904,TARGET_2_MANEUVER,27286.269146075072,23242.051372546885,-60.6538546002245,134.7758698206234,12,69.3723258961401,1.1562054316023351
261.61,RADAR_A,RADAR_A-T6668,TARGET_1_LINEAR,30937.678850682936,10827.463860682436,119.19996576252859,40.52307758281587,12,69.3723258961401,1.1562054316023351
263.54,RADAR_A,RADAR_A-T6668,TARGET_1_LINEAR,31287.277048041695,10819.198618535931,118.17338767821651,39.938512212064,13,52.46035864770422,0.8743393107950702
263.75,RADAR_A,RADAR_A-T1904,TARGET_2_MANEUVER,27188.830160331585,23512.604234476497,-67.11517847924738,134.33815838457502,13,52.46035864770422,0.8743393107950702
264.62,RADAR_B,RADAR_B-T4802,TARGET_1_LINEAR,31438.54853667262,11100.97353773009,117.23436901096203,40.04786859470298,11,91.73630764819175,1.528938460803196
265.21,RADAR_A,RADAR_A-T6668,TARGET_1_LINEAR,31516.698620558684,11003.572626686799,117.95136723617829,39.49134577041084,14,39.671283813750286,0.6611880635625048
265.59,RADAR_A,RADAR_A-T1904,TARGET_2_MANEUVER,26952.363583190734,23963.628221248142,-70.87930510532611,131.2513041149168,13,52.46035864770422,0.8743393107950702
266.24,RADAR_B,RADAR_B-T7175,TARGET_2_MANEUVER,26956.86425637611,23949.40340433164,-67.2899654705705,133.39047493187294,8,212.13203435596427,3.5355339059327378
266.61,RADAR_A,RADAR_A-T6668,TARGET_1_LINEAR,31628.244849223378,10929.698257756625,117.08802106999723,39.97104562307757,12,69.3723258961401,1.1562054316023351
267.74,RADAR_A,RADAR_A-T1904,TARGET_2_MANEUVER,26841.996141821906,24199.812987743342,-74.88632937610053,127.56114348546576,12,69.3723258961401,1.1562054316023351
268.81,RADAR_A,RADAR_A-T6668,TARGET_1_LINEAR,31937.0028821763,11122.76370505683,117.35183787239886,39.667571101501,13,52.46035864770422,0.8743393107950702
269.08,RADAR_C,RADAR_C-T7318,TARGET_1_LINEAR,31575.118050620782,10784.864713008896,124.8375714388975,37.60154959075363,5,490.536420678438,8.1756070113073
269.55,RADAR_B,RADAR_B-T4802,TARGET_1_LINEAR,32260.9595503812,11359.854312569665,120.1151955181059,34.68191069687003,8,212.13203435596427,3.5355339059327378
269.75,RADAR_A,RADAR_A-T1904,TARGET_2_MANEUVER,26743.6878580032,24324.5461171541,-81.62292641176674,126.04345855202554,14,39.671283813750286,0.6611880635625048
270.52,RADAR_A,RADAR_A-T6668,TARGET_1_LINEAR,32159.67015128571,11287.328774087197,118.56079584724877,38.431994516600966,14,39.671283813750286,0.6611880635625048
270.67,RADAR_B,RADAR_B-T7175,TARGET_2_MANEUVER,26702.429529711997,24516.175397601444,-86.85252060477319,124.00655210012442,11,91.73630764819175,1.528938460803196
271.59,RADAR_A,RADAR_A-T1904,TARGET_2_MANEUVER,26661.423273956192,24597.392669178862,-86.28629109309392,123.29817376011289,13,52.46035864770422,0.8743393107950702
272.51,RADAR_A,RADAR_A-T6668,TARGET_1_LINEAR,32259.321692112877,11284.292312899006,118.24288082064831,38.10889723779899,13,52.46035864770422,0.8743393107950702
273.34,RADAR_A,RADAR_A-T1904,TARGET_2_MANEUVER,26307.477127207527,24900.626003157824,-90.53273976873601,117.23100501441075,13,52.46035864770422,0.8743393107950702
273.77,RADAR_B,RADAR_B-T4802,TARGET_1_LINEAR,32101.524144442763,11180.345650390185,118.60528494148033,40.224715281927985,8,212.13203435596427,3.5355339059327378
274.05,RADAR_A,RADAR_A-T6668,TARGET_1_LINEAR,32489.84107979146,11315.375159581356,118.8992850966388,37.20473270753804,12,69.3723258961401,1.1562054316023351
274.93,RADAR_A,RADAR_A-T1904,TARGET_2_MANEUVER,26212.398736718093,24918.181361927676,-95.48663809389905,115.12709889747185,14,39.671283813750286,0.6611880635625048
275.69,RADAR_B,RADAR_B-T7175,TARGET_2_MANEUVER,26247.75513273611,25047.01304649691,-97.53745327929339,114.08957728643902,11,91.73630764819175,1.528938460803196
275.8,RADAR_A,RADAR_A-T6668,TARGET_1_LINEAR,32817.04851122709,11394.022369384687,116.98207796698787,38.661067396921446,12,69.3723258961401,1.1562054316023351
276.34,RADAR_C,RADAR_C-T7318,TARGET_1_LINEAR,32814.31859293761,11340.377848825821,111.65223194030875,41.8839224117547,6,370.9507534326998,6.1825125572116635
277.49,RADAR_A,RADAR_A-T1904,TARGET_2_MANEUVER,25962.835401969325,25214.98778593318,-98.94514720678232,115.8548496240928,12,69.3723258961401,1.1562054316023351
277.9,RADAR_C,RADAR_C-T8257,TARGET_2_MANEUVER,26483.080886530875,25872.543218696093,-105.54074385164395,113.34343599394374,5,490.536420678438,8.1756070113073
278.11,RADAR_A,RADAR_A-T6668,TARGET_1_LINEAR,33047.01171569616,11464.292845522717,118.51102294824825,38.01657529122579,14,39.671283813750286,0.6611880635625048
279.31,RADAR_A,RADAR_A-T1904,TARGET_2_MANEUVER,25820.2963466284,25511.02241725831,-101.83462670871572,110.31281471177503,14,39.671283813750286,0.6611880635625048
280.19,RADAR_A,RADAR_A-T6668,TARGET_1_LINEAR,33219.24434173575,11491.159968381267,119.05057510879087,39.37655457612283,12,69.3723258961401,1.1562054316023351
281.56,RADAR_A,RADAR_A-T1904,TARGET_2_MANEUVER,25456.220406533936,25685.085950723307,-108.52678940551102,106.32212899928453,12,69.3723258961401,1.1562054316023351
281.67,RADAR_B,RADAR_B-T7175,TARGET_2_MANEUVER,25676.436341775523,25694.330387474412,-107.06724987037286,105.84748828189693,10,121.30990322456422,2.021831720409404
282.09,RADAR_A,RADAR_A-T6668,TARGET_1_LINEAR,33488.51709289321,11630.31311084457,118.85951801476133,38.22869515558849,14,39.671283813750286,0.6611880635625048
283.03,RADAR_B,RADAR_B-T2014,TARGET_1_LINEAR,33621.58305843042,11565.706932530282,118.57928897412481,39.44675672525378,10,121.30990322456422,2.021831720409404
283.31,RADAR_A,RADAR_A-T1904,TARGET_2_MANEUVER,25273.192964904854,25952.38945282904,-108.92654276863972,101.98171405079592,12,69.3723258961401,1.1562054316023351
284.27,RADAR_A,RADAR_A-T6668,TARGET_1_LINEAR,33826.50705228472,11537.415418356417,117.74106205188306,38.02497499112651,12,69.3723258961401,1.1562054316023351
284.92,RADAR_A,RADAR_A-T1904,TARGET_2_MANEUVER,25166.302441919892,26140.54058958962,-112.97700244765728,97.74806639644089,13,52.46035864770422,0.8743393107950702
286.21,RADAR_C,RADAR_C-T7318,TARGET_1_LINEAR,34020.352918659686,11754.465609761186,106.35720211773446,47.356807038005584,5,490.536420678438,8.1756070113073
286.41,RADAR_B,RADAR_B-T7175,TARGET_2_MANEUVER,25099.505858688666,26342.86258425428,-114.9955046263078,94.72273228582196,9,160.417320008009,2.6736220001334834
286.52,RADAR_A,RADAR_A-T1904,TARGET_2_MANEUVER,25073.430496029578,26270.48979389951,-117.00286182627029,95.12155157400386,13,52.46035864770422,0.8743393107950702
286.6,RADAR_A,RADAR_A-T6668,TARGET_1_LINEAR,34003.221098550435,11812.231307795397,116.2196668218659,39.147722130851974,13,52.46035864770422,0.8743393107950702
287.1,RADAR_C,RADAR_C-T8257,TARGET_2_MANEUVER,24975.790427955097,26809.853404588746,-124.02075762215985,99.36440998380428,6,370.9507534326998,6.1825125572116635
287.86,RADAR_B,RADAR_B-T2014,TARGET_1_LINEAR,34347.778170010075,11760.066136254667,121.85796504170537,37.05338709613812,8,212.13203435596427,3.5355339059327378
288.35,RADAR_A,RADAR_A-T6668,TARGET_1_LINEAR,34299.505534899596,11847.182958549314,118.44780448887566,38.94612353486424,13,52.46035864770422,0.8743393107950702
288.64,RADAR_A,RADAR_A-T1904,TARGET_2_MANEUVER,24785.484861961504,26459.467141973026,-122.66759608044326,87.78565763498497,13,52.46035864770422,0.8743393107950702
289.94,RADAR_B,RADAR_B-T7175,TARGET_2_MANEUVER,24856.81217133095,26570.64816420036,-124.87861173636188,95.17359819028286,8,212.13203435596427,3.5355339059327378
290.45,RADAR_A,RADAR_A-T1904,TARGET_2_MANEUVER,24505.32209002877,26685.739415846918,-120.56358023932889,86.1891664429744,12,69.3723258961401,1.1562054316023351
290.83,RADAR_A,RADAR_A-T6668,TARGET_1_LINEAR,34532.48244182205,11933.89205555091,117.86634929761486,40.28390496090112,14,39.671283813750286,0.6611880635625048
292.21,RADAR_A,RADAR_A-T1904,TARGET_2_MANEUVER,24290.088051810962,26657.54526946906,-126.0722317351566,81.93692939000998,12,69.3723258961401,1.1562054316023351
292.59,RADAR_A,RADAR_A-T6668,TARGET_1_LINEAR,34736.05788046199,11904.961738353586,118.23666516325179,37.269053425683836,12,69.3723258961401,1.1562054316023351
293.7,RADAR_B,RADAR_B-T2014,TARGET_1_LINEAR,34926.557279665954,12155.22802336012,118.75014615603186,37.37272258441631,9,160.417320008009,2.6736220001334834
294.25,RADAR_A,RADAR_A-T6668,TARGET_1_LINEAR,34910.24054709642,11951.585231186838,119.04463317690704,36.396403590092035,13,52.46035864770422,0.8743393107950702
294.53,RADAR_A,RADAR_A-T1904,TARGET_2_MANEUVER,24065.802415139893,26994.862174662252,-129.94446221524188,74.87567916827213,14,39.671283813750286,0.6611880635625048
294.58,RADAR_C,RADAR_C-T7318,TARGET_1_LINEAR,34862.54135935302,12269.27820287243,119.70077972437674,38.02264871276078,9,160.417320008009,2.6736220001334834
294.98,RADAR_B,RADAR_B-T7175,TARGET_2_MANEUVER,24146.20500144333,27060.953897221632,-127.99298666908624,70.2359597072861,8,212.13203435596427,3.5355339059327378
296.23,RADAR_A,RADAR_A-T6668,TARGET_1_LINEAR,35156.819268722065,12271.826368319284,118.86077232486576,39.368548953754335,13,52.46035864770422,0.8743393107950702
296.87,RADAR_A,RADAR_A-T1904,TARGET_2_MANEUVER,23690.98840686263,27109.936290784233,-134.54075414822972,69.85757891308148,13,52.46035864770422,0.8743393107950702
297.28,RADAR_B,RADAR_B-T2014,TARGET_1_LINEAR,35128.78797628685,12355.413399964138,118.23746768077277,38.13223218310298,11,91.73630764819175,1.528938460803196
298.01,RADAR_A,RADAR_A-T6668,TARGET_1_LINEAR,35380.22959402673,12291.434696070308,118.71383119630397,37.29569175005552,13,52.46035864770422,0.8743393107950702
298.75,RADAR_A,RADAR_A-T1904,TARGET_2_MANEUVER,23476.363676882058,27183.05668870873,-135.03100532859,67.04599858669413,14,39.671283813750286,0.6611880635625048
